{"lastUpdatedDate":{"year":2021,"month":5,"day":17},"zip_values":[{"zip":"60000","confirmed_cases":40,"total_tested":430},{"zip":"60001","confirmed_cases":6,"total_tested":184},{"zip":"60002","confirmed_cases":1992,"total_tested":21161},{"zip":"60004","confirmed_cases":4047,"total_tested":74884},{"zip":"60005","confirmed_cases":2562,"total_tested":43528},{"zip":"60006","confirmed_cases":15,"total_tested":315},{"zip":"60007","confirmed_cases":3107,"total_tested":39008},{"zip":"60008","confirmed_cases":2574,"total_tested":33668},{"zip":"60009","confirmed_cases":20,"total_tested":273},{"zip":"60010","confirmed_cases":3369,"total_tested":53813},{"zip":"60011","confirmed_cases":10,"total_tested":275},{"zip":"60012","confirmed_cases":1027,"total_tested":16619},{"zip":"60013","confirmed_cases":2083,"total_tested":26194},{"zip":"60014","confirmed_cases":4388,"total_tested":49866},{"zip":"60015","confirmed_cases":1948,"total_tested":109669},{"zip":"60016","confirmed_cases":6597,"total_tested":88673},{"zip":"60017","confirmed_cases":15,"total_tested":234},{"zip":"60018","confirmed_cases":3661,"total_tested":53274},{"zip":"60019","confirmed_cases":11,"total_tested":179},{"zip":"60020","confirmed_cases":929,"total_tested":12297},{"zip":"60021","confirmed_cases":399,"total_tested":5494},{"zip":"60022","confirmed_cases":485,"total_tested":12869},{"zip":"60025","confirmed_cases":3368,"total_tested":62460},{"zip":"60026","confirmed_cases":1059,"total_tested":28488},{"zip":"60029","confirmed_cases":51,"total_tested":742},{"zip":"60030","confirmed_cases":2772,"total_tested":40624},{"zip":"60031","confirmed_cases":3247,"total_tested":50001},{"zip":"60033","confirmed_cases":1574,"total_tested":14323},{"zip":"60034","confirmed_cases":176,"total_tested":2278},{"zip":"60035","confirmed_cases":1842,"total_tested":61922},{"zip":"60036","confirmed_cases":9,"total_tested":93},{"zip":"60038","confirmed_cases":8,"total_tested":193},{"zip":"60040","confirmed_cases":672,"total_tested":13904},{"zip":"60041","confirmed_cases":819,"total_tested":9552},{"zip":"60042","confirmed_cases":728,"total_tested":8452},{"zip":"60043","confirmed_cases":175,"total_tested":3775},{"zip":"60044","confirmed_cases":741,"total_tested":24044},{"zip":"60045","confirmed_cases":1400,"total_tested":50332},{"zip":"60046","confirmed_cases":3055,"total_tested":38939},{"zip":"60047","confirmed_cases":3519,"total_tested":63829},{"zip":"60048","confirmed_cases":2037,"total_tested":50180},{"zip":"60050","confirmed_cases":3102,"total_tested":39502},{"zip":"60051","confirmed_cases":2270,"total_tested":23041},{"zip":"60053","confirmed_cases":2367,"total_tested":44079},{"zip":"60055","confirmed_cases":9,"total_tested":109},{"zip":"60056","confirmed_cases":5072,"total_tested":63507},{"zip":"60057","confirmed_cases":6,"total_tested":146},{"zip":"60060","confirmed_cases":3645,"total_tested":43186},{"zip":"60061","confirmed_cases":1856,"total_tested":39350},{"zip":"60062","confirmed_cases":3238,"total_tested":97372},{"zip":"60063","confirmed_cases":10,"total_tested":119},{"zip":"60064","confirmed_cases":3024,"total_tested":20603},{"zip":"60065","confirmed_cases":10,"total_tested":235},{"zip":"60067","confirmed_cases":3478,"total_tested":62009},{"zip":"60068","confirmed_cases":3542,"total_tested":64574},{"zip":"60069","confirmed_cases":645,"total_tested":25888},{"zip":"60070","confirmed_cases":1538,"total_tested":24949},{"zip":"60071","confirmed_cases":314,"total_tested":3584},{"zip":"60072","confirmed_cases":60,"total_tested":913},{"zip":"60073","confirmed_cases":7275,"total_tested":71050},{"zip":"60074","confirmed_cases":3673,"total_tested":42451},{"zip":"60075","confirmed_cases":17,"total_tested":194},{"zip":"60076","confirmed_cases":3323,"total_tested":54455},{"zip":"60077","confirmed_cases":2716,"total_tested":54714},{"zip":"60078","confirmed_cases":13,"total_tested":196},{"zip":"60079","confirmed_cases":41,"total_tested":2788},{"zip":"60081","confirmed_cases":859,"total_tested":8553},{"zip":"60082","confirmed_cases":17,"total_tested":171},{"zip":"60083","confirmed_cases":873,"total_tested":11756},{"zip":"60084","confirmed_cases":1514,"total_tested":21937},{"zip":"60085","confirmed_cases":9751,"total_tested":111141},{"zip":"60086","confirmed_cases":11,"total_tested":161},{"zip":"60087","confirmed_cases":3625,"total_tested":33234},{"zip":"60088","confirmed_cases":788,"total_tested":8557},{"zip":"60089","confirmed_cases":2971,"total_tested":56646},{"zip":"60090","confirmed_cases":4292,"total_tested":73604},{"zip":"60091","confirmed_cases":1732,"total_tested":38225},{"zip":"60093","confirmed_cases":1631,"total_tested":30609},{"zip":"60094","confirmed_cases":6,"total_tested":86},{"zip":"60095","confirmed_cases":9,"total_tested":77},{"zip":"60096","confirmed_cases":601,"total_tested":5873},{"zip":"60097","confirmed_cases":925,"total_tested":10559},{"zip":"60098","confirmed_cases":3329,"total_tested":47421},{"zip":"60099","confirmed_cases":3547,"total_tested":47580},{"zip":"60101","confirmed_cases":5117,"total_tested":43470},{"zip":"60102","confirmed_cases":2919,"total_tested":34072},{"zip":"60103","confirmed_cases":4376,"total_tested":54900},{"zip":"60104","confirmed_cases":2490,"total_tested":25638},{"zip":"60105","confirmed_cases":11,"total_tested":186},{"zip":"60106","confirmed_cases":2476,"total_tested":28916},{"zip":"60107","confirmed_cases":4739,"total_tested":51909},{"zip":"60108","confirmed_cases":2675,"total_tested":42884},{"zip":"60109","confirmed_cases":63,"total_tested":938},{"zip":"60110","confirmed_cases":4755,"total_tested":38493},{"zip":"60111","confirmed_cases":24,"total_tested":282},{"zip":"60112","confirmed_cases":456,"total_tested":5129},{"zip":"60113","confirmed_cases":42,"total_tested":539},{"zip":"60115","confirmed_cases":4329,"total_tested":79247},{"zip":"60116","confirmed_cases":10,"total_tested":147},{"zip":"60118","confirmed_cases":1446,"total_tested":16970},{"zip":"60119","confirmed_cases":975,"total_tested":11475},{"zip":"60120","confirmed_cases":6562,"total_tested":56882},{"zip":"60121","confirmed_cases":32,"total_tested":505},{"zip":"60123","confirmed_cases":5744,"total_tested":69312},{"zip":"60124","confirmed_cases":2350,"total_tested":26526},{"zip":"60125","confirmed_cases":6,"total_tested":193},{"zip":"60126","confirmed_cases":4750,"total_tested":81185},{"zip":"60129","confirmed_cases":24,"total_tested":214},{"zip":"60130","confirmed_cases":1237,"total_tested":31423},{"zip":"60131","confirmed_cases":2584,"total_tested":30296},{"zip":"60133","confirmed_cases":4891,"total_tested":46133},{"zip":"60134","confirmed_cases":2647,"total_tested":39509},{"zip":"60135","confirmed_cases":779,"total_tested":7289},{"zip":"60136","confirmed_cases":888,"total_tested":9336},{"zip":"60137","confirmed_cases":3415,"total_tested":49774},{"zip":"60138","confirmed_cases":15,"total_tested":181},{"zip":"60139","confirmed_cases":4045,"total_tested":37489},{"zip":"60140","confirmed_cases":2012,"total_tested":22447},{"zip":"60141","confirmed_cases":75,"total_tested":3546},{"zip":"60142","confirmed_cases":2439,"total_tested":34756},{"zip":"60143","confirmed_cases":1221,"total_tested":16827},{"zip":"60144","confirmed_cases":12,"total_tested":185},{"zip":"60145","confirmed_cases":215,"total_tested":2012},{"zip":"60146","confirmed_cases":262,"total_tested":2667},{"zip":"60147","confirmed_cases":14,"total_tested":232},{"zip":"60148","confirmed_cases":4720,"total_tested":75671},{"zip":"60150","confirmed_cases":121,"total_tested":1646},{"zip":"60151","confirmed_cases":351,"total_tested":3800},{"zip":"60152","confirmed_cases":1174,"total_tested":12389},{"zip":"60153","confirmed_cases":2711,"total_tested":27831},{"zip":"60154","confirmed_cases":1710,"total_tested":23609},{"zip":"60155","confirmed_cases":900,"total_tested":10239},{"zip":"60156","confirmed_cases":2678,"total_tested":28401},{"zip":"60157","confirmed_cases":240,"total_tested":2691},{"zip":"60159","confirmed_cases":47,"total_tested":361},{"zip":"60160","confirmed_cases":3674,"total_tested":30583},{"zip":"60161","confirmed_cases":14,"total_tested":209},{"zip":"60162","confirmed_cases":1530,"total_tested":20654},{"zip":"60163","confirmed_cases":666,"total_tested":6687},{"zip":"60164","confirmed_cases":3182,"total_tested":39675},{"zip":"60165","confirmed_cases":708,"total_tested":4430},{"zip":"60168","confirmed_cases":21,"total_tested":237},{"zip":"60169","confirmed_cases":3220,"total_tested":40038},{"zip":"60170","confirmed_cases":7,"total_tested":132},{"zip":"60171","confirmed_cases":1245,"total_tested":12026},{"zip":"60172","confirmed_cases":2518,"total_tested":28381},{"zip":"60173","confirmed_cases":1018,"total_tested":14269},{"zip":"60174","confirmed_cases":3181,"total_tested":46006},{"zip":"60175","confirmed_cases":2673,"total_tested":41493},{"zip":"60176","confirmed_cases":1524,"total_tested":12332},{"zip":"60177","confirmed_cases":2834,"total_tested":41524},{"zip":"60178","confirmed_cases":2014,"total_tested":24159},{"zip":"60180","confirmed_cases":128,"total_tested":1385},{"zip":"60181","confirmed_cases":3056,"total_tested":36727},{"zip":"60183","confirmed_cases":10,"total_tested":149},{"zip":"60184","confirmed_cases":251,"total_tested":2579},{"zip":"60185","confirmed_cases":4637,"total_tested":51102},{"zip":"60186","confirmed_cases":13,"total_tested":151},{"zip":"60187","confirmed_cases":2439,"total_tested":60971},{"zip":"60188","confirmed_cases":4669,"total_tested":49841},{"zip":"60189","confirmed_cases":2463,"total_tested":38056},{"zip":"60190","confirmed_cases":1180,"total_tested":14628},{"zip":"60191","confirmed_cases":1747,"total_tested":17896},{"zip":"60192","confirmed_cases":1112,"total_tested":16443},{"zip":"60193","confirmed_cases":3335,"total_tested":50202},{"zip":"60194","confirmed_cases":1625,"total_tested":29819},{"zip":"60195","confirmed_cases":348,"total_tested":4666},{"zip":"60196","confirmed_cases":8,"total_tested":335},{"zip":"60201","confirmed_cases":2721,"total_tested":145141},{"zip":"60202","confirmed_cases":2158,"total_tested":60936},{"zip":"60203","confirmed_cases":287,"total_tested":6548},{"zip":"60204","confirmed_cases":13,"total_tested":378},{"zip":"60208","confirmed_cases":18,"total_tested":59355},{"zip":"60301","confirmed_cases":218,"total_tested":4934},{"zip":"60302","confirmed_cases":2056,"total_tested":53638},{"zip":"60303","confirmed_cases":18,"total_tested":401},{"zip":"60304","confirmed_cases":1028,"total_tested":25330},{"zip":"60305","confirmed_cases":823,"total_tested":16507},{"zip":"60401","confirmed_cases":874,"total_tested":17853},{"zip":"60402","confirmed_cases":8751,"total_tested":80174},{"zip":"60403","confirmed_cases":1938,"total_tested":70413},{"zip":"60404","confirmed_cases":2149,"total_tested":24971},{"zip":"60406","confirmed_cases":3162,"total_tested":32785},{"zip":"60407","confirmed_cases":151,"total_tested":1802},{"zip":"60408","confirmed_cases":613,"total_tested":6507},{"zip":"60409","confirmed_cases":3857,"total_tested":44742},{"zip":"60410","confirmed_cases":1466,"total_tested":14548},{"zip":"60411","confirmed_cases":6091,"total_tested":90233},{"zip":"60412","confirmed_cases":13,"total_tested":275},{"zip":"60415","confirmed_cases":1327,"total_tested":18992},{"zip":"60416","confirmed_cases":1099,"total_tested":11155},{"zip":"60417","confirmed_cases":1574,"total_tested":31320},{"zip":"60418","confirmed_cases":1065,"total_tested":14357},{"zip":"60419","confirmed_cases":2213,"total_tested":45664},{"zip":"60420","confirmed_cases":584,"total_tested":12412},{"zip":"60421","confirmed_cases":329,"total_tested":3678},{"zip":"60422","confirmed_cases":809,"total_tested":13309},{"zip":"60423","confirmed_cases":3594,"total_tested":36615},{"zip":"60424","confirmed_cases":215,"total_tested":2436},{"zip":"60425","confirmed_cases":931,"total_tested":15783},{"zip":"60426","confirmed_cases":2843,"total_tested":34566},{"zip":"60428","confirmed_cases":1158,"total_tested":15238},{"zip":"60429","confirmed_cases":1500,"total_tested":24496},{"zip":"60430","confirmed_cases":1740,"total_tested":31127},{"zip":"60431","confirmed_cases":3279,"total_tested":33545},{"zip":"60432","confirmed_cases":2680,"total_tested":20731},{"zip":"60433","confirmed_cases":1984,"total_tested":21113},{"zip":"60434","confirmed_cases":381,"total_tested":10012},{"zip":"60435","confirmed_cases":5674,"total_tested":72077},{"zip":"60436","confirmed_cases":2173,"total_tested":30398},{"zip":"60437","confirmed_cases":19,"total_tested":245},{"zip":"60438","confirmed_cases":3439,"total_tested":36326},{"zip":"60439","confirmed_cases":2478,"total_tested":40134},{"zip":"60440","confirmed_cases":6013,"total_tested":82187},{"zip":"60441","confirmed_cases":3781,"total_tested":37381},{"zip":"60442","confirmed_cases":1230,"total_tested":11953},{"zip":"60443","confirmed_cases":2109,"total_tested":28542},{"zip":"60444","confirmed_cases":173,"total_tested":1820},{"zip":"60445","confirmed_cases":2013,"total_tested":28078},{"zip":"60446","confirmed_cases":4930,"total_tested":51617},{"zip":"60447","confirmed_cases":1640,"total_tested":17767},{"zip":"60448","confirmed_cases":2623,"total_tested":27458},{"zip":"60449","confirmed_cases":813,"total_tested":9658},{"zip":"60450","confirmed_cases":2399,"total_tested":27421},{"zip":"60451","confirmed_cases":3636,"total_tested":38720},{"zip":"60452","confirmed_cases":3040,"total_tested":29566},{"zip":"60453","confirmed_cases":6094,"total_tested":79179},{"zip":"60454","confirmed_cases":19,"total_tested":194},{"zip":"60455","confirmed_cases":1898,"total_tested":25159},{"zip":"60456","confirmed_cases":420,"total_tested":5214},{"zip":"60457","confirmed_cases":1339,"total_tested":15371},{"zip":"60458","confirmed_cases":1499,"total_tested":17200},{"zip":"60459","confirmed_cases":3349,"total_tested":32170},{"zip":"60460","confirmed_cases":175,"total_tested":2593},{"zip":"60461","confirmed_cases":364,"total_tested":5720},{"zip":"60462","confirmed_cases":4102,"total_tested":49490},{"zip":"60463","confirmed_cases":1648,"total_tested":29399},{"zip":"60464","confirmed_cases":907,"total_tested":12619},{"zip":"60465","confirmed_cases":1886,"total_tested":21697},{"zip":"60466","confirmed_cases":2280,"total_tested":36777},{"zip":"60467","confirmed_cases":2558,"total_tested":32939},{"zip":"60468","confirmed_cases":715,"total_tested":6220},{"zip":"60469","confirmed_cases":815,"total_tested":6571},{"zip":"60470","confirmed_cases":44,"total_tested":811},{"zip":"60471","confirmed_cases":1255,"total_tested":25605},{"zip":"60472","confirmed_cases":420,"total_tested":12921},{"zip":"60473","confirmed_cases":2547,"total_tested":47834},{"zip":"60474","confirmed_cases":91,"total_tested":961},{"zip":"60475","confirmed_cases":926,"total_tested":9562},{"zip":"60476","confirmed_cases":262,"total_tested":2794},{"zip":"60477","confirmed_cases":3928,"total_tested":42987},{"zip":"60478","confirmed_cases":1678,"total_tested":27985},{"zip":"60479","confirmed_cases":57,"total_tested":763},{"zip":"60480","confirmed_cases":538,"total_tested":6568},{"zip":"60481","confirmed_cases":1288,"total_tested":18253},{"zip":"60482","confirmed_cases":973,"total_tested":9840},{"zip":"60484","confirmed_cases":624,"total_tested":8163},{"zip":"60487","confirmed_cases":2779,"total_tested":27957},{"zip":"60490","confirmed_cases":2003,"total_tested":26759},{"zip":"60491","confirmed_cases":2434,"total_tested":28825},{"zip":"60499","confirmed_cases":6,"total_tested":64},{"zip":"60501","confirmed_cases":1454,"total_tested":11088},{"zip":"60502","confirmed_cases":1754,"total_tested":24422},{"zip":"60503","confirmed_cases":1360,"total_tested":18470},{"zip":"60504","confirmed_cases":3551,"total_tested":43765},{"zip":"60505","confirmed_cases":8955,"total_tested":74938},{"zip":"60506","confirmed_cases":6730,"total_tested":83158},{"zip":"60507","confirmed_cases":34,"total_tested":464},{"zip":"60510","confirmed_cases":2379,"total_tested":34526},{"zip":"60511","confirmed_cases":130,"total_tested":1596},{"zip":"60512","confirmed_cases":97,"total_tested":1183},{"zip":"60513","confirmed_cases":1882,"total_tested":26680},{"zip":"60514","confirmed_cases":950,"total_tested":12495},{"zip":"60515","confirmed_cases":2356,"total_tested":37020},{"zip":"60516","confirmed_cases":2315,"total_tested":36775},{"zip":"60517","confirmed_cases":3008,"total_tested":41738},{"zip":"60518","confirmed_cases":283,"total_tested":3465},{"zip":"60519","confirmed_cases":16,"total_tested":149},{"zip":"60520","confirmed_cases":247,"total_tested":3064},{"zip":"60521","confirmed_cases":1788,"total_tested":27805},{"zip":"60522","confirmed_cases":6,"total_tested":215},{"zip":"60523","confirmed_cases":989,"total_tested":17203},{"zip":"60524","confirmed_cases":6,"total_tested":40},{"zip":"60525","confirmed_cases":3272,"total_tested":60285},{"zip":"60526","confirmed_cases":1189,"total_tested":30053},{"zip":"60527","confirmed_cases":2887,"total_tested":50265},{"zip":"60528","confirmed_cases":10,"total_tested":41},{"zip":"60530","confirmed_cases":45,"total_tested":793},{"zip":"60531","confirmed_cases":172,"total_tested":1734},{"zip":"60532","confirmed_cases":2063,"total_tested":40153},{"zip":"60534","confirmed_cases":1296,"total_tested":12184},{"zip":"60536","confirmed_cases":16,"total_tested":170},{"zip":"60537","confirmed_cases":50,"total_tested":500},{"zip":"60538","confirmed_cases":3197,"total_tested":32404},{"zip":"60539","confirmed_cases":34,"total_tested":426},{"zip":"60540","confirmed_cases":3128,"total_tested":67257},{"zip":"60541","confirmed_cases":299,"total_tested":2818},{"zip":"60542","confirmed_cases":1777,"total_tested":24165},{"zip":"60543","confirmed_cases":3706,"total_tested":45201},{"zip":"60544","confirmed_cases":2830,"total_tested":41039},{"zip":"60545","confirmed_cases":1614,"total_tested":14467},{"zip":"60546","confirmed_cases":1553,"total_tested":30802},{"zip":"60548","confirmed_cases":1324,"total_tested":14555},{"zip":"60549","confirmed_cases":58,"total_tested":727},{"zip":"60550","confirmed_cases":130,"total_tested":1832},{"zip":"60551","confirmed_cases":769,"total_tested":31606},{"zip":"60552","confirmed_cases":415,"total_tested":4083},{"zip":"60553","confirmed_cases":53,"total_tested":434},{"zip":"60554","confirmed_cases":1038,"total_tested":12953},{"zip":"60555","confirmed_cases":1443,"total_tested":16009},{"zip":"60556","confirmed_cases":134,"total_tested":1643},{"zip":"60558","confirmed_cases":1243,"total_tested":17656},{"zip":"60559","confirmed_cases":2298,"total_tested":41322},{"zip":"60560","confirmed_cases":2656,"total_tested":32662},{"zip":"60561","confirmed_cases":1949,"total_tested":25632},{"zip":"60563","confirmed_cases":3312,"total_tested":70481},{"zip":"60564","confirmed_cases":3456,"total_tested":53635},{"zip":"60565","confirmed_cases":2826,"total_tested":45888},{"zip":"60567","confirmed_cases":18,"total_tested":400},{"zip":"60585","confirmed_cases":2331,"total_tested":30033},{"zip":"60586","confirmed_cases":5350,"total_tested":55338},{"zip":"60598","confirmed_cases":13,"total_tested":179},{"zip":"60601","confirmed_cases":1095,"total_tested":29765},{"zip":"60602","confirmed_cases":109,"total_tested":3081},{"zip":"60603","confirmed_cases":81,"total_tested":2806},{"zip":"60604","confirmed_cases":116,"total_tested":4022},{"zip":"60605","confirmed_cases":1963,"total_tested":48256},{"zip":"60606","confirmed_cases":331,"total_tested":9433},{"zip":"60607","confirmed_cases":2686,"total_tested":68287},{"zip":"60608","confirmed_cases":8098,"total_tested":112230},{"zip":"60609","confirmed_cases":7318,"total_tested":82155},{"zip":"60610","confirmed_cases":3544,"total_tested":76175},{"zip":"60611","confirmed_cases":2299,"total_tested":58153},{"zip":"60612","confirmed_cases":3558,"total_tested":87237},{"zip":"60613","confirmed_cases":3897,"total_tested":94045},{"zip":"60614","confirmed_cases":5919,"total_tested":149393},{"zip":"60615","confirmed_cases":2415,"total_tested":86059},{"zip":"60616","confirmed_cases":3807,"total_tested":85050},{"zip":"60617","confirmed_cases":8155,"total_tested":92697},{"zip":"60618","confirmed_cases":8537,"total_tested":133568},{"zip":"60619","confirmed_cases":4846,"total_tested":76454},{"zip":"60620","confirmed_cases":5612,"total_tested":87344},{"zip":"60621","confirmed_cases":2374,"total_tested":33242},{"zip":"60622","confirmed_cases":5226,"total_tested":103623},{"zip":"60623","confirmed_cases":11030,"total_tested":98487},{"zip":"60624","confirmed_cases":3424,"total_tested":45817},{"zip":"60625","confirmed_cases":7111,"total_tested":118226},{"zip":"60626","confirmed_cases":4415,"total_tested":135421},{"zip":"60627","confirmed_cases":7,"total_tested":442},{"zip":"60628","confirmed_cases":5453,"total_tested":76757},{"zip":"60629","confirmed_cases":17324,"total_tested":126694},{"zip":"60630","confirmed_cases":5805,"total_tested":71608},{"zip":"60631","confirmed_cases":3255,"total_tested":52282},{"zip":"60632","confirmed_cases":13420,"total_tested":97632},{"zip":"60633","confirmed_cases":1858,"total_tested":27295},{"zip":"60634","confirmed_cases":10441,"total_tested":109144},{"zip":"60635","confirmed_cases":7,"total_tested":357},{"zip":"60636","confirmed_cases":3392,"total_tested":36704},{"zip":"60637","confirmed_cases":3601,"total_tested":147679},{"zip":"60638","confirmed_cases":7993,"total_tested":69039},{"zip":"60639","confirmed_cases":14548,"total_tested":118144},{"zip":"60640","confirmed_cases":4756,"total_tested":125127},{"zip":"60641","confirmed_cases":9058,"total_tested":110179},{"zip":"60642","confirmed_cases":2065,"total_tested":36520},{"zip":"60643","confirmed_cases":4545,"total_tested":89525},{"zip":"60644","confirmed_cases":4565,"total_tested":69252},{"zip":"60645","confirmed_cases":4870,"total_tested":76294},{"zip":"60646","confirmed_cases":2788,"total_tested":44454},{"zip":"60647","confirmed_cases":8921,"total_tested":152636},{"zip":"60649","confirmed_cases":3568,"total_tested":65303},{"zip":"60650","confirmed_cases":22,"total_tested":356},{"zip":"60651","confirmed_cases":7943,"total_tested":77305},{"zip":"60652","confirmed_cases":5393,"total_tested":52772},{"zip":"60653","confirmed_cases":2731,"total_tested":53488},{"zip":"60654","confirmed_cases":2087,"total_tested":38759},{"zip":"60655","confirmed_cases":3480,"total_tested":39229},{"zip":"60656","confirmed_cases":3202,"total_tested":34374},{"zip":"60657","confirmed_cases":5506,"total_tested":123139},{"zip":"60659","confirmed_cases":4182,"total_tested":52174},{"zip":"60660","confirmed_cases":2895,"total_tested":81899},{"zip":"60661","confirmed_cases":861,"total_tested":18160},{"zip":"60680","confirmed_cases":52,"total_tested":1334},{"zip":"60690","confirmed_cases":18,"total_tested":634},{"zip":"60706","confirmed_cases":3080,"total_tested":35394},{"zip":"60707","confirmed_cases":5562,"total_tested":69567},{"zip":"60712","confirmed_cases":2231,"total_tested":28423},{"zip":"60714","confirmed_cases":3851,"total_tested":74081},{"zip":"60803","confirmed_cases":2339,"total_tested":22282},{"zip":"60804","confirmed_cases":13309,"total_tested":99347},{"zip":"60805","confirmed_cases":2155,"total_tested":32991},{"zip":"60806","confirmed_cases":6,"total_tested":78},{"zip":"60827","confirmed_cases":2060,"total_tested":26710},{"zip":"60901","confirmed_cases":5127,"total_tested":98490},{"zip":"60910","confirmed_cases":44,"total_tested":1057},{"zip":"60911","confirmed_cases":168,"total_tested":2555},{"zip":"60912","confirmed_cases":46,"total_tested":487},{"zip":"60913","confirmed_cases":178,"total_tested":2071},{"zip":"60914","confirmed_cases":3687,"total_tested":49317},{"zip":"60915","confirmed_cases":1300,"total_tested":19809},{"zip":"60917","confirmed_cases":59,"total_tested":749},{"zip":"60918","confirmed_cases":69,"total_tested":1261},{"zip":"60919","confirmed_cases":38,"total_tested":676},{"zip":"60920","confirmed_cases":17,"total_tested":419},{"zip":"60921","confirmed_cases":150,"total_tested":2316},{"zip":"60922","confirmed_cases":262,"total_tested":3338},{"zip":"60924","confirmed_cases":185,"total_tested":2077},{"zip":"60926","confirmed_cases":6,"total_tested":109},{"zip":"60927","confirmed_cases":276,"total_tested":6594},{"zip":"60928","confirmed_cases":74,"total_tested":842},{"zip":"60929","confirmed_cases":77,"total_tested":1282},{"zip":"60930","confirmed_cases":98,"total_tested":6085},{"zip":"60931","confirmed_cases":62,"total_tested":775},{"zip":"60932","confirmed_cases":15,"total_tested":133},{"zip":"60933","confirmed_cases":31,"total_tested":460},{"zip":"60934","confirmed_cases":35,"total_tested":482},{"zip":"60935","confirmed_cases":139,"total_tested":1158},{"zip":"60936","confirmed_cases":581,"total_tested":9650},{"zip":"60938","confirmed_cases":298,"total_tested":4408},{"zip":"60940","confirmed_cases":290,"total_tested":3208},{"zip":"60941","confirmed_cases":228,"total_tested":2783},{"zip":"60942","confirmed_cases":717,"total_tested":9888},{"zip":"60944","confirmed_cases":7,"total_tested":162},{"zip":"60945","confirmed_cases":14,"total_tested":165},{"zip":"60946","confirmed_cases":36,"total_tested":618},{"zip":"60948","confirmed_cases":173,"total_tested":2485},{"zip":"60949","confirmed_cases":55,"total_tested":1241},{"zip":"60950","confirmed_cases":1443,"total_tested":32128},{"zip":"60951","confirmed_cases":74,"total_tested":1215},{"zip":"60952","confirmed_cases":74,"total_tested":1013},{"zip":"60953","confirmed_cases":205,"total_tested":2556},{"zip":"60954","confirmed_cases":736,"total_tested":11549},{"zip":"60955","confirmed_cases":260,"total_tested":3977},{"zip":"60956","confirmed_cases":18,"total_tested":122},{"zip":"60957","confirmed_cases":740,"total_tested":11463},{"zip":"60958","confirmed_cases":170,"total_tested":2437},{"zip":"60959","confirmed_cases":130,"total_tested":1755},{"zip":"60960","confirmed_cases":72,"total_tested":1171},{"zip":"60961","confirmed_cases":67,"total_tested":991},{"zip":"60962","confirmed_cases":48,"total_tested":791},{"zip":"60963","confirmed_cases":190,"total_tested":2430},{"zip":"60964","confirmed_cases":542,"total_tested":6943},{"zip":"60966","confirmed_cases":113,"total_tested":1897},{"zip":"60967","confirmed_cases":6,"total_tested":70},{"zip":"60968","confirmed_cases":40,"total_tested":483},{"zip":"60969","confirmed_cases":13,"total_tested":126},{"zip":"60970","confirmed_cases":633,"total_tested":8831},{"zip":"60973","confirmed_cases":55,"total_tested":551},{"zip":"60974","confirmed_cases":15,"total_tested":303},{"zip":"61001","confirmed_cases":96,"total_tested":870},{"zip":"61006","confirmed_cases":170,"total_tested":1378},{"zip":"61007","confirmed_cases":49,"total_tested":526},{"zip":"61008","confirmed_cases":4504,"total_tested":43611},{"zip":"61010","confirmed_cases":1040,"total_tested":11625},{"zip":"61011","confirmed_cases":303,"total_tested":3268},{"zip":"61012","confirmed_cases":229,"total_tested":2180},{"zip":"61013","confirmed_cases":77,"total_tested":641},{"zip":"61014","confirmed_cases":81,"total_tested":974},{"zip":"61015","confirmed_cases":93,"total_tested":832},{"zip":"61016","confirmed_cases":551,"total_tested":5148},{"zip":"61018","confirmed_cases":112,"total_tested":944},{"zip":"61019","confirmed_cases":342,"total_tested":3291},{"zip":"61020","confirmed_cases":363,"total_tested":3132},{"zip":"61021","confirmed_cases":2902,"total_tested":86126},{"zip":"61024","confirmed_cases":279,"total_tested":2753},{"zip":"61025","confirmed_cases":305,"total_tested":2459},{"zip":"61028","confirmed_cases":131,"total_tested":1532},{"zip":"61030","confirmed_cases":244,"total_tested":3180},{"zip":"61031","confirmed_cases":203,"total_tested":2074},{"zip":"61032","confirmed_cases":3129,"total_tested":44106},{"zip":"61036","confirmed_cases":496,"total_tested":9737},{"zip":"61037","confirmed_cases":22,"total_tested":165},{"zip":"61038","confirmed_cases":132,"total_tested":1041},{"zip":"61039","confirmed_cases":94,"total_tested":847},{"zip":"61041","confirmed_cases":106,"total_tested":1150},{"zip":"61042","confirmed_cases":55,"total_tested":600},{"zip":"61043","confirmed_cases":15,"total_tested":121},{"zip":"61044","confirmed_cases":23,"total_tested":132},{"zip":"61046","confirmed_cases":270,"total_tested":2644},{"zip":"61047","confirmed_cases":169,"total_tested":1975},{"zip":"61048","confirmed_cases":464,"total_tested":6319},{"zip":"61049","confirmed_cases":30,"total_tested":338},{"zip":"61050","confirmed_cases":29,"total_tested":290},{"zip":"61051","confirmed_cases":155,"total_tested":1288},{"zip":"61052","confirmed_cases":117,"total_tested":896},{"zip":"61053","confirmed_cases":238,"total_tested":4894},{"zip":"61054","confirmed_cases":370,"total_tested":9458},{"zip":"61059","confirmed_cases":22,"total_tested":106},{"zip":"61060","confirmed_cases":130,"total_tested":1238},{"zip":"61061","confirmed_cases":767,"total_tested":8409},{"zip":"61062","confirmed_cases":202,"total_tested":1409},{"zip":"61063","confirmed_cases":415,"total_tested":4264},{"zip":"61064","confirmed_cases":428,"total_tested":5592},{"zip":"61065","confirmed_cases":1237,"total_tested":11853},{"zip":"61067","confirmed_cases":76,"total_tested":606},{"zip":"61068","confirmed_cases":1874,"total_tested":14942},{"zip":"61070","confirmed_cases":111,"total_tested":855},{"zip":"61071","confirmed_cases":1676,"total_tested":14366},{"zip":"61072","confirmed_cases":1264,"total_tested":13915},{"zip":"61073","confirmed_cases":2230,"total_tested":23942},{"zip":"61074","confirmed_cases":433,"total_tested":6134},{"zip":"61075","confirmed_cases":99,"total_tested":857},{"zip":"61077","confirmed_cases":7,"total_tested":123},{"zip":"61078","confirmed_cases":117,"total_tested":1275},{"zip":"61080","confirmed_cases":1288,"total_tested":11519},{"zip":"61081","confirmed_cases":2865,"total_tested":31674},{"zip":"61084","confirmed_cases":321,"total_tested":2847},{"zip":"61085","confirmed_cases":362,"total_tested":3388},{"zip":"61087","confirmed_cases":167,"total_tested":1096},{"zip":"61088","confirmed_cases":682,"total_tested":6937},{"zip":"61089","confirmed_cases":70,"total_tested":577},{"zip":"61091","confirmed_cases":8,"total_tested":59},{"zip":"61101","confirmed_cases":2136,"total_tested":31431},{"zip":"61102","confirmed_cases":2214,"total_tested":20691},{"zip":"61103","confirmed_cases":2604,"total_tested":37706},{"zip":"61104","confirmed_cases":1999,"total_tested":20478},{"zip":"61105","confirmed_cases":15,"total_tested":287},{"zip":"61107","confirmed_cases":3637,"total_tested":56426},{"zip":"61108","confirmed_cases":3624,"total_tested":48363},{"zip":"61109","confirmed_cases":3103,"total_tested":30419},{"zip":"61110","confirmed_cases":10,"total_tested":166},{"zip":"61111","confirmed_cases":2774,"total_tested":36507},{"zip":"61112","confirmed_cases":29,"total_tested":1099},{"zip":"61114","confirmed_cases":1842,"total_tested":27694},{"zip":"61115","confirmed_cases":2579,"total_tested":28684},{"zip":"61125","confirmed_cases":15,"total_tested":156},{"zip":"61126","confirmed_cases":17,"total_tested":184},{"zip":"61132","confirmed_cases":8,"total_tested":163},{"zip":"61201","confirmed_cases":3825,"total_tested":55248},{"zip":"61204","confirmed_cases":19,"total_tested":194},{"zip":"61230","confirmed_cases":127,"total_tested":899},{"zip":"61231","confirmed_cases":541,"total_tested":7999},{"zip":"61232","confirmed_cases":158,"total_tested":1584},{"zip":"61233","confirmed_cases":42,"total_tested":668},{"zip":"61234","confirmed_cases":120,"total_tested":1617},{"zip":"61235","confirmed_cases":120,"total_tested":1882},{"zip":"61236","confirmed_cases":9,"total_tested":129},{"zip":"61238","confirmed_cases":273,"total_tested":3351},{"zip":"61239","confirmed_cases":84,"total_tested":1244},{"zip":"61240","confirmed_cases":579,"total_tested":6751},{"zip":"61241","confirmed_cases":705,"total_tested":8456},{"zip":"61242","confirmed_cases":97,"total_tested":1041},{"zip":"61243","confirmed_cases":16,"total_tested":116},{"zip":"61244","confirmed_cases":2643,"total_tested":53989},{"zip":"61250","confirmed_cases":280,"total_tested":2634},{"zip":"61251","confirmed_cases":36,"total_tested":316},{"zip":"61252","confirmed_cases":573,"total_tested":4276},{"zip":"61254","confirmed_cases":1059,"total_tested":16423},{"zip":"61256","confirmed_cases":184,"total_tested":2176},{"zip":"61257","confirmed_cases":87,"total_tested":1338},{"zip":"61258","confirmed_cases":17,"total_tested":267},{"zip":"61259","confirmed_cases":72,"total_tested":836},{"zip":"61260","confirmed_cases":59,"total_tested":637},{"zip":"61261","confirmed_cases":95,"total_tested":998},{"zip":"61262","confirmed_cases":69,"total_tested":736},{"zip":"61263","confirmed_cases":67,"total_tested":898},{"zip":"61264","confirmed_cases":975,"total_tested":10992},{"zip":"61265","confirmed_cases":4499,"total_tested":53843},{"zip":"61266","confirmed_cases":8,"total_tested":118},{"zip":"61270","confirmed_cases":892,"total_tested":7164},{"zip":"61272","confirmed_cases":99,"total_tested":1040},{"zip":"61273","confirmed_cases":320,"total_tested":3387},{"zip":"61274","confirmed_cases":19,"total_tested":328},{"zip":"61275","confirmed_cases":454,"total_tested":4863},{"zip":"61276","confirmed_cases":13,"total_tested":145},{"zip":"61277","confirmed_cases":464,"total_tested":9038},{"zip":"61278","confirmed_cases":52,"total_tested":537},{"zip":"61279","confirmed_cases":83,"total_tested":977},{"zip":"61281","confirmed_cases":273,"total_tested":2766},{"zip":"61282","confirmed_cases":885,"total_tested":12099},{"zip":"61283","confirmed_cases":124,"total_tested":1407},{"zip":"61284","confirmed_cases":216,"total_tested":2318},{"zip":"61285","confirmed_cases":486,"total_tested":4893},{"zip":"61301","confirmed_cases":1178,"total_tested":18710},{"zip":"61310","confirmed_cases":392,"total_tested":3764},{"zip":"61311","confirmed_cases":28,"total_tested":236},{"zip":"61312","confirmed_cases":38,"total_tested":467},{"zip":"61313","confirmed_cases":37,"total_tested":342},{"zip":"61314","confirmed_cases":86,"total_tested":832},{"zip":"61315","confirmed_cases":22,"total_tested":306},{"zip":"61316","confirmed_cases":30,"total_tested":686},{"zip":"61317","confirmed_cases":43,"total_tested":532},{"zip":"61318","confirmed_cases":51,"total_tested":518},{"zip":"61319","confirmed_cases":119,"total_tested":1942},{"zip":"61320","confirmed_cases":49,"total_tested":764},{"zip":"61321","confirmed_cases":36,"total_tested":400},{"zip":"61322","confirmed_cases":221,"total_tested":1522},{"zip":"61325","confirmed_cases":103,"total_tested":1376},{"zip":"61326","confirmed_cases":214,"total_tested":2155},{"zip":"61327","confirmed_cases":100,"total_tested":2038},{"zip":"61329","confirmed_cases":145,"total_tested":1529},{"zip":"61330","confirmed_cases":152,"total_tested":1584},{"zip":"61333","confirmed_cases":56,"total_tested":674},{"zip":"61334","confirmed_cases":81,"total_tested":579},{"zip":"61335","confirmed_cases":40,"total_tested":576},{"zip":"61336","confirmed_cases":35,"total_tested":619},{"zip":"61337","confirmed_cases":66,"total_tested":601},{"zip":"61338","confirmed_cases":40,"total_tested":367},{"zip":"61340","confirmed_cases":22,"total_tested":585},{"zip":"61341","confirmed_cases":836,"total_tested":12490},{"zip":"61342","confirmed_cases":1317,"total_tested":11920},{"zip":"61344","confirmed_cases":36,"total_tested":303},{"zip":"61345","confirmed_cases":78,"total_tested":802},{"zip":"61348","confirmed_cases":498,"total_tested":7075},{"zip":"61349","confirmed_cases":94,"total_tested":1090},{"zip":"61350","confirmed_cases":2538,"total_tested":38530},{"zip":"61353","confirmed_cases":120,"total_tested":1246},{"zip":"61354","confirmed_cases":1311,"total_tested":16593},{"zip":"61356","confirmed_cases":1205,"total_tested":16444},{"zip":"61358","confirmed_cases":43,"total_tested":492},{"zip":"61359","confirmed_cases":34,"total_tested":352},{"zip":"61360","confirmed_cases":325,"total_tested":3370},{"zip":"61361","confirmed_cases":125,"total_tested":1386},{"zip":"61362","confirmed_cases":734,"total_tested":11284},{"zip":"61363","confirmed_cases":31,"total_tested":209},{"zip":"61364","confirmed_cases":2221,"total_tested":33741},{"zip":"61367","confirmed_cases":92,"total_tested":727},{"zip":"61368","confirmed_cases":100,"total_tested":1262},{"zip":"61369","confirmed_cases":234,"total_tested":6075},{"zip":"61370","confirmed_cases":111,"total_tested":1514},{"zip":"61372","confirmed_cases":17,"total_tested":336},{"zip":"61373","confirmed_cases":211,"total_tested":2303},{"zip":"61375","confirmed_cases":72,"total_tested":1247},{"zip":"61376","confirmed_cases":253,"total_tested":3267},{"zip":"61377","confirmed_cases":139,"total_tested":1509},{"zip":"61378","confirmed_cases":32,"total_tested":274},{"zip":"61379","confirmed_cases":126,"total_tested":1280},{"zip":"61401","confirmed_cases":3580,"total_tested":59237},{"zip":"61402","confirmed_cases":157,"total_tested":28870},{"zip":"61410","confirmed_cases":342,"total_tested":4306},{"zip":"61411","confirmed_cases":34,"total_tested":466},{"zip":"61412","confirmed_cases":138,"total_tested":1254},{"zip":"61413","confirmed_cases":77,"total_tested":854},{"zip":"61414","confirmed_cases":52,"total_tested":796},{"zip":"61415","confirmed_cases":186,"total_tested":1665},{"zip":"61416","confirmed_cases":15,"total_tested":353},{"zip":"61417","confirmed_cases":19,"total_tested":215},{"zip":"61418","confirmed_cases":44,"total_tested":470},{"zip":"61419","confirmed_cases":10,"total_tested":114},{"zip":"61420","confirmed_cases":84,"total_tested":1216},{"zip":"61421","confirmed_cases":127,"total_tested":1633},{"zip":"61422","confirmed_cases":400,"total_tested":4718},{"zip":"61423","confirmed_cases":58,"total_tested":513},{"zip":"61424","confirmed_cases":11,"total_tested":143},{"zip":"61425","confirmed_cases":24,"total_tested":318},{"zip":"61426","confirmed_cases":7,"total_tested":91},{"zip":"61427","confirmed_cases":224,"total_tested":4875},{"zip":"61428","confirmed_cases":106,"total_tested":1201},{"zip":"61430","confirmed_cases":77,"total_tested":843},{"zip":"61431","confirmed_cases":35,"total_tested":611},{"zip":"61432","confirmed_cases":51,"total_tested":1191},{"zip":"61433","confirmed_cases":18,"total_tested":132},{"zip":"61434","confirmed_cases":292,"total_tested":3666},{"zip":"61435","confirmed_cases":17,"total_tested":168},{"zip":"61436","confirmed_cases":73,"total_tested":807},{"zip":"61437","confirmed_cases":49,"total_tested":587},{"zip":"61438","confirmed_cases":50,"total_tested":1080},{"zip":"61439","confirmed_cases":29,"total_tested":240},{"zip":"61440","confirmed_cases":54,"total_tested":1012},{"zip":"61441","confirmed_cases":99,"total_tested":1111},{"zip":"61442","confirmed_cases":59,"total_tested":673},{"zip":"61443","confirmed_cases":1613,"total_tested":24086},{"zip":"61447","confirmed_cases":75,"total_tested":760},{"zip":"61448","confirmed_cases":449,"total_tested":6319},{"zip":"61449","confirmed_cases":31,"total_tested":411},{"zip":"61450","confirmed_cases":155,"total_tested":1557},{"zip":"61451","confirmed_cases":36,"total_tested":392},{"zip":"61452","confirmed_cases":27,"total_tested":345},{"zip":"61453","confirmed_cases":58,"total_tested":627},{"zip":"61454","confirmed_cases":50,"total_tested":789},{"zip":"61455","confirmed_cases":1921,"total_tested":37995},{"zip":"61458","confirmed_cases":72,"total_tested":928},{"zip":"61459","confirmed_cases":19,"total_tested":389},{"zip":"61460","confirmed_cases":19,"total_tested":398},{"zip":"61462","confirmed_cases":1248,"total_tested":14815},{"zip":"61465","confirmed_cases":91,"total_tested":971},{"zip":"61466","confirmed_cases":29,"total_tested":273},{"zip":"61467","confirmed_cases":111,"total_tested":994},{"zip":"61469","confirmed_cases":150,"total_tested":1631},{"zip":"61470","confirmed_cases":50,"total_tested":824},{"zip":"61471","confirmed_cases":14,"total_tested":83},{"zip":"61472","confirmed_cases":55,"total_tested":521},{"zip":"61473","confirmed_cases":111,"total_tested":1739},{"zip":"61474","confirmed_cases":28,"total_tested":293},{"zip":"61475","confirmed_cases":10,"total_tested":185},{"zip":"61476","confirmed_cases":28,"total_tested":476},{"zip":"61477","confirmed_cases":54,"total_tested":929},{"zip":"61478","confirmed_cases":23,"total_tested":180},{"zip":"61479","confirmed_cases":10,"total_tested":145},{"zip":"61480","confirmed_cases":129,"total_tested":2605},{"zip":"61482","confirmed_cases":95,"total_tested":1043},{"zip":"61483","confirmed_cases":237,"total_tested":4778},{"zip":"61484","confirmed_cases":74,"total_tested":1122},{"zip":"61485","confirmed_cases":55,"total_tested":600},{"zip":"61486","confirmed_cases":126,"total_tested":1378},{"zip":"61488","confirmed_cases":112,"total_tested":1171},{"zip":"61489","confirmed_cases":108,"total_tested":1113},{"zip":"61490","confirmed_cases":78,"total_tested":961},{"zip":"61491","confirmed_cases":242,"total_tested":3118},{"zip":"61501","confirmed_cases":185,"total_tested":2414},{"zip":"61516","confirmed_cases":71,"total_tested":1100},{"zip":"61517","confirmed_cases":397,"total_tested":4059},{"zip":"61519","confirmed_cases":30,"total_tested":421},{"zip":"61520","confirmed_cases":2086,"total_tested":54561},{"zip":"61523","confirmed_cases":1135,"total_tested":18719},{"zip":"61524","confirmed_cases":15,"total_tested":545},{"zip":"61525","confirmed_cases":1220,"total_tested":17211},{"zip":"61526","confirmed_cases":117,"total_tested":1874},{"zip":"61528","confirmed_cases":338,"total_tested":4706},{"zip":"61529","confirmed_cases":290,"total_tested":4059},{"zip":"61530","confirmed_cases":870,"total_tested":16452},{"zip":"61531","confirmed_cases":357,"total_tested":7848},{"zip":"61532","confirmed_cases":50,"total_tested":992},{"zip":"61533","confirmed_cases":275,"total_tested":2751},{"zip":"61534","confirmed_cases":146,"total_tested":2102},{"zip":"61535","confirmed_cases":203,"total_tested":2472},{"zip":"61536","confirmed_cases":346,"total_tested":4027},{"zip":"61537","confirmed_cases":246,"total_tested":5699},{"zip":"61539","confirmed_cases":19,"total_tested":180},{"zip":"61540","confirmed_cases":201,"total_tested":4558},{"zip":"61541","confirmed_cases":13,"total_tested":182},{"zip":"61542","confirmed_cases":394,"total_tested":5596},{"zip":"61543","confirmed_cases":8,"total_tested":172},{"zip":"61544","confirmed_cases":34,"total_tested":1107},{"zip":"61545","confirmed_cases":84,"total_tested":906},{"zip":"61546","confirmed_cases":448,"total_tested":7269},{"zip":"61547","confirmed_cases":507,"total_tested":5863},{"zip":"61548","confirmed_cases":1582,"total_tested":22073},{"zip":"61550","confirmed_cases":2527,"total_tested":35498},{"zip":"61552","confirmed_cases":20,"total_tested":407},{"zip":"61553","confirmed_cases":22,"total_tested":496},{"zip":"61554","confirmed_cases":5160,"total_tested":69459},{"zip":"61555","confirmed_cases":21,"total_tested":331},{"zip":"61559","confirmed_cases":376,"total_tested":4046},{"zip":"61560","confirmed_cases":50,"total_tested":737},{"zip":"61561","confirmed_cases":302,"total_tested":5923},{"zip":"61563","confirmed_cases":43,"total_tested":986},{"zip":"61564","confirmed_cases":136,"total_tested":1480},{"zip":"61565","confirmed_cases":117,"total_tested":1590},{"zip":"61567","confirmed_cases":50,"total_tested":1432},{"zip":"61568","confirmed_cases":644,"total_tested":6306},{"zip":"61569","confirmed_cases":109,"total_tested":1595},{"zip":"61570","confirmed_cases":142,"total_tested":3008},{"zip":"61571","confirmed_cases":3096,"total_tested":41276},{"zip":"61572","confirmed_cases":138,"total_tested":1247},{"zip":"61601","confirmed_cases":24,"total_tested":486},{"zip":"61602","confirmed_cases":122,"total_tested":3639},{"zip":"61603","confirmed_cases":2171,"total_tested":26719},{"zip":"61604","confirmed_cases":4243,"total_tested":64328},{"zip":"61605","confirmed_cases":1879,"total_tested":23738},{"zip":"61606","confirmed_cases":746,"total_tested":11197},{"zip":"61607","confirmed_cases":1391,"total_tested":16230},{"zip":"61610","confirmed_cases":637,"total_tested":7406},{"zip":"61611","confirmed_cases":3039,"total_tested":43761},{"zip":"61612","confirmed_cases":23,"total_tested":997},{"zip":"61614","confirmed_cases":3600,"total_tested":60771},{"zip":"61615","confirmed_cases":2812,"total_tested":42359},{"zip":"61616","confirmed_cases":816,"total_tested":19248},{"zip":"61625","confirmed_cases":64,"total_tested":184},{"zip":"61701","confirmed_cases":3450,"total_tested":74517},{"zip":"61702","confirmed_cases":16,"total_tested":328},{"zip":"61704","confirmed_cases":3511,"total_tested":58365},{"zip":"61705","confirmed_cases":1412,"total_tested":24218},{"zip":"61720","confirmed_cases":22,"total_tested":403},{"zip":"61721","confirmed_cases":61,"total_tested":899},{"zip":"61722","confirmed_cases":50,"total_tested":661},{"zip":"61723","confirmed_cases":241,"total_tested":3466},{"zip":"61724","confirmed_cases":41,"total_tested":763},{"zip":"61725","confirmed_cases":157,"total_tested":2191},{"zip":"61726","confirmed_cases":265,"total_tested":4498},{"zip":"61727","confirmed_cases":966,"total_tested":14516},{"zip":"61728","confirmed_cases":135,"total_tested":2304},{"zip":"61729","confirmed_cases":197,"total_tested":1719},{"zip":"61730","confirmed_cases":34,"total_tested":441},{"zip":"61731","confirmed_cases":25,"total_tested":338},{"zip":"61732","confirmed_cases":254,"total_tested":3200},{"zip":"61733","confirmed_cases":145,"total_tested":1787},{"zip":"61734","confirmed_cases":321,"total_tested":3615},{"zip":"61735","confirmed_cases":31,"total_tested":523},{"zip":"61736","confirmed_cases":219,"total_tested":3375},{"zip":"61737","confirmed_cases":49,"total_tested":643},{"zip":"61738","confirmed_cases":577,"total_tested":8736},{"zip":"61739","confirmed_cases":617,"total_tested":10326},{"zip":"61740","confirmed_cases":241,"total_tested":3058},{"zip":"61741","confirmed_cases":223,"total_tested":2790},{"zip":"61742","confirmed_cases":134,"total_tested":1901},{"zip":"61743","confirmed_cases":36,"total_tested":297},{"zip":"61744","confirmed_cases":219,"total_tested":2911},{"zip":"61745","confirmed_cases":453,"total_tested":6450},{"zip":"61747","confirmed_cases":143,"total_tested":4957},{"zip":"61748","confirmed_cases":286,"total_tested":4341},{"zip":"61749","confirmed_cases":58,"total_tested":744},{"zip":"61751","confirmed_cases":8,"total_tested":171},{"zip":"61752","confirmed_cases":388,"total_tested":6555},{"zip":"61753","confirmed_cases":324,"total_tested":4264},{"zip":"61754","confirmed_cases":127,"total_tested":1683},{"zip":"61755","confirmed_cases":594,"total_tested":6865},{"zip":"61756","confirmed_cases":191,"total_tested":2867},{"zip":"61759","confirmed_cases":204,"total_tested":2076},{"zip":"61760","confirmed_cases":267,"total_tested":5018},{"zip":"61761","confirmed_cases":6406,"total_tested":134010},{"zip":"61764","confirmed_cases":1907,"total_tested":64142},{"zip":"61769","confirmed_cases":62,"total_tested":1246},{"zip":"61770","confirmed_cases":82,"total_tested":1428},{"zip":"61771","confirmed_cases":98,"total_tested":1385},{"zip":"61772","confirmed_cases":43,"total_tested":507},{"zip":"61773","confirmed_cases":61,"total_tested":840},{"zip":"61774","confirmed_cases":92,"total_tested":1339},{"zip":"61775","confirmed_cases":45,"total_tested":436},{"zip":"61776","confirmed_cases":146,"total_tested":1923},{"zip":"61777","confirmed_cases":103,"total_tested":1323},{"zip":"61778","confirmed_cases":54,"total_tested":632},{"zip":"61790","confirmed_cases":77,"total_tested":7934},{"zip":"61801","confirmed_cases":1899,"total_tested":555582},{"zip":"61802","confirmed_cases":1764,"total_tested":116068},{"zip":"61803","confirmed_cases":7,"total_tested":420},{"zip":"61810","confirmed_cases":28,"total_tested":980},{"zip":"61811","confirmed_cases":83,"total_tested":895},{"zip":"61812","confirmed_cases":36,"total_tested":618},{"zip":"61813","confirmed_cases":171,"total_tested":3629},{"zip":"61814","confirmed_cases":147,"total_tested":2032},{"zip":"61815","confirmed_cases":20,"total_tested":1000},{"zip":"61816","confirmed_cases":57,"total_tested":1152},{"zip":"61817","confirmed_cases":368,"total_tested":4303},{"zip":"61818","confirmed_cases":196,"total_tested":2510},{"zip":"61820","confirmed_cases":5840,"total_tested":1132138},{"zip":"61821","confirmed_cases":2615,"total_tested":177109},{"zip":"61822","confirmed_cases":2012,"total_tested":148574},{"zip":"61824","confirmed_cases":14,"total_tested":434},{"zip":"61826","confirmed_cases":7,"total_tested":755},{"zip":"61830","confirmed_cases":30,"total_tested":700},{"zip":"61831","confirmed_cases":15,"total_tested":190},{"zip":"61832","confirmed_cases":3844,"total_tested":56875},{"zip":"61833","confirmed_cases":235,"total_tested":3544},{"zip":"61834","confirmed_cases":1757,"total_tested":41162},{"zip":"61839","confirmed_cases":31,"total_tested":1040},{"zip":"61840","confirmed_cases":69,"total_tested":3155},{"zip":"61841","confirmed_cases":172,"total_tested":2008},{"zip":"61842","confirmed_cases":223,"total_tested":4882},{"zip":"61843","confirmed_cases":238,"total_tested":7194},{"zip":"61844","confirmed_cases":108,"total_tested":1620},{"zip":"61845","confirmed_cases":39,"total_tested":1101},{"zip":"61846","confirmed_cases":504,"total_tested":6568},{"zip":"61847","confirmed_cases":194,"total_tested":6693},{"zip":"61848","confirmed_cases":29,"total_tested":450},{"zip":"61849","confirmed_cases":122,"total_tested":5367},{"zip":"61850","confirmed_cases":64,"total_tested":661},{"zip":"61851","confirmed_cases":21,"total_tested":1553},{"zip":"61852","confirmed_cases":13,"total_tested":751},{"zip":"61853","confirmed_cases":1257,"total_tested":61164},{"zip":"61854","confirmed_cases":137,"total_tested":2621},{"zip":"61856","confirmed_cases":690,"total_tested":17692},{"zip":"61857","confirmed_cases":21,"total_tested":273},{"zip":"61858","confirmed_cases":359,"total_tested":4659},{"zip":"61859","confirmed_cases":109,"total_tested":4713},{"zip":"61862","confirmed_cases":62,"total_tested":1165},{"zip":"61863","confirmed_cases":82,"total_tested":4585},{"zip":"61864","confirmed_cases":190,"total_tested":8131},{"zip":"61865","confirmed_cases":160,"total_tested":2100},{"zip":"61866","confirmed_cases":1670,"total_tested":33975},{"zip":"61870","confirmed_cases":115,"total_tested":1781},{"zip":"61871","confirmed_cases":44,"total_tested":782},{"zip":"61872","confirmed_cases":47,"total_tested":2571},{"zip":"61873","confirmed_cases":669,"total_tested":24467},{"zip":"61874","confirmed_cases":664,"total_tested":79837},{"zip":"61875","confirmed_cases":69,"total_tested":2788},{"zip":"61876","confirmed_cases":89,"total_tested":910},{"zip":"61877","confirmed_cases":151,"total_tested":6638},{"zip":"61878","confirmed_cases":105,"total_tested":3707},{"zip":"61880","confirmed_cases":528,"total_tested":20193},{"zip":"61882","confirmed_cases":42,"total_tested":889},{"zip":"61883","confirmed_cases":591,"total_tested":6483},{"zip":"61884","confirmed_cases":103,"total_tested":2294},{"zip":"61910","confirmed_cases":817,"total_tested":7244},{"zip":"61911","confirmed_cases":433,"total_tested":3658},{"zip":"61912","confirmed_cases":116,"total_tested":1305},{"zip":"61913","confirmed_cases":154,"total_tested":2217},{"zip":"61914","confirmed_cases":192,"total_tested":2335},{"zip":"61917","confirmed_cases":75,"total_tested":597},{"zip":"61919","confirmed_cases":96,"total_tested":1412},{"zip":"61920","confirmed_cases":2485,"total_tested":40590},{"zip":"61924","confirmed_cases":214,"total_tested":3289},{"zip":"61925","confirmed_cases":97,"total_tested":1081},{"zip":"61928","confirmed_cases":87,"total_tested":806},{"zip":"61929","confirmed_cases":53,"total_tested":916},{"zip":"61930","confirmed_cases":63,"total_tested":480},{"zip":"61931","confirmed_cases":128,"total_tested":1407},{"zip":"61932","confirmed_cases":27,"total_tested":441},{"zip":"61933","confirmed_cases":81,"total_tested":781},{"zip":"61936","confirmed_cases":23,"total_tested":321},{"zip":"61937","confirmed_cases":171,"total_tested":2381},{"zip":"61938","confirmed_cases":2552,"total_tested":36143},{"zip":"61940","confirmed_cases":23,"total_tested":150},{"zip":"61942","confirmed_cases":107,"total_tested":2209},{"zip":"61943","confirmed_cases":187,"total_tested":1345},{"zip":"61944","confirmed_cases":1214,"total_tested":9062},{"zip":"61951","confirmed_cases":934,"total_tested":17721},{"zip":"61953","confirmed_cases":773,"total_tested":13945},{"zip":"61955","confirmed_cases":20,"total_tested":114},{"zip":"61956","confirmed_cases":372,"total_tested":5208},{"zip":"61957","confirmed_cases":190,"total_tested":2175},{"zip":"62001","confirmed_cases":210,"total_tested":4420},{"zip":"62002","confirmed_cases":3535,"total_tested":38465},{"zip":"62006","confirmed_cases":66,"total_tested":732},{"zip":"62009","confirmed_cases":147,"total_tested":2643},{"zip":"62010","confirmed_cases":1357,"total_tested":12848},{"zip":"62011","confirmed_cases":31,"total_tested":424},{"zip":"62012","confirmed_cases":780,"total_tested":6580},{"zip":"62013","confirmed_cases":58,"total_tested":483},{"zip":"62014","confirmed_cases":362,"total_tested":3567},{"zip":"62015","confirmed_cases":66,"total_tested":547},{"zip":"62016","confirmed_cases":433,"total_tested":3392},{"zip":"62017","confirmed_cases":108,"total_tested":1388},{"zip":"62018","confirmed_cases":311,"total_tested":3198},{"zip":"62019","confirmed_cases":39,"total_tested":564},{"zip":"62021","confirmed_cases":89,"total_tested":729},{"zip":"62022","confirmed_cases":131,"total_tested":1054},{"zip":"62024","confirmed_cases":937,"total_tested":9376},{"zip":"62025","confirmed_cases":3736,"total_tested":40831},{"zip":"62026","confirmed_cases":21,"total_tested":844},{"zip":"62027","confirmed_cases":46,"total_tested":410},{"zip":"62028","confirmed_cases":43,"total_tested":585},{"zip":"62031","confirmed_cases":98,"total_tested":775},{"zip":"62032","confirmed_cases":101,"total_tested":1090},{"zip":"62033","confirmed_cases":534,"total_tested":10074},{"zip":"62034","confirmed_cases":1472,"total_tested":18412},{"zip":"62035","confirmed_cases":2060,"total_tested":21208},{"zip":"62036","confirmed_cases":77,"total_tested":581},{"zip":"62037","confirmed_cases":195,"total_tested":3112},{"zip":"62040","confirmed_cases":4509,"total_tested":35528},{"zip":"62044","confirmed_cases":179,"total_tested":1795},{"zip":"62045","confirmed_cases":30,"total_tested":589},{"zip":"62046","confirmed_cases":117,"total_tested":828},{"zip":"62047","confirmed_cases":181,"total_tested":2665},{"zip":"62048","confirmed_cases":132,"total_tested":1221},{"zip":"62049","confirmed_cases":1643,"total_tested":40469},{"zip":"62050","confirmed_cases":33,"total_tested":416},{"zip":"62051","confirmed_cases":96,"total_tested":1182},{"zip":"62052","confirmed_cases":1687,"total_tested":22772},{"zip":"62053","confirmed_cases":60,"total_tested":767},{"zip":"62054","confirmed_cases":90,"total_tested":706},{"zip":"62056","confirmed_cases":847,"total_tested":17846},{"zip":"62058","confirmed_cases":73,"total_tested":851},{"zip":"62059","confirmed_cases":42,"total_tested":584},{"zip":"62060","confirmed_cases":402,"total_tested":3675},{"zip":"62061","confirmed_cases":212,"total_tested":1675},{"zip":"62062","confirmed_cases":984,"total_tested":17332},{"zip":"62063","confirmed_cases":129,"total_tested":1135},{"zip":"62067","confirmed_cases":316,"total_tested":2218},{"zip":"62069","confirmed_cases":313,"total_tested":4490},{"zip":"62074","confirmed_cases":106,"total_tested":1220},{"zip":"62075","confirmed_cases":356,"total_tested":4404},{"zip":"62076","confirmed_cases":9,"total_tested":98},{"zip":"62077","confirmed_cases":31,"total_tested":428},{"zip":"62079","confirmed_cases":46,"total_tested":251},{"zip":"62080","confirmed_cases":283,"total_tested":3379},{"zip":"62081","confirmed_cases":16,"total_tested":317},{"zip":"62082","confirmed_cases":276,"total_tested":2941},{"zip":"62083","confirmed_cases":22,"total_tested":208},{"zip":"62084","confirmed_cases":164,"total_tested":1456},{"zip":"62085","confirmed_cases":14,"total_tested":327},{"zip":"62086","confirmed_cases":140,"total_tested":1522},{"zip":"62087","confirmed_cases":182,"total_tested":1604},{"zip":"62088","confirmed_cases":743,"total_tested":11087},{"zip":"62089","confirmed_cases":40,"total_tested":704},{"zip":"62090","confirmed_cases":93,"total_tested":884},{"zip":"62091","confirmed_cases":44,"total_tested":416},{"zip":"62092","confirmed_cases":395,"total_tested":4186},{"zip":"62093","confirmed_cases":37,"total_tested":635},{"zip":"62094","confirmed_cases":93,"total_tested":1395},{"zip":"62095","confirmed_cases":1263,"total_tested":15412},{"zip":"62097","confirmed_cases":299,"total_tested":2853},{"zip":"62201","confirmed_cases":617,"total_tested":5786},{"zip":"62202","confirmed_cases":10,"total_tested":342},{"zip":"62203","confirmed_cases":669,"total_tested":12737},{"zip":"62204","confirmed_cases":426,"total_tested":5373},{"zip":"62205","confirmed_cases":682,"total_tested":8118},{"zip":"62206","confirmed_cases":1421,"total_tested":18514},{"zip":"62207","confirmed_cases":645,"total_tested":7034},{"zip":"62208","confirmed_cases":1745,"total_tested":19139},{"zip":"62214","confirmed_cases":134,"total_tested":1078},{"zip":"62215","confirmed_cases":268,"total_tested":2203},{"zip":"62216","confirmed_cases":582,"total_tested":5880},{"zip":"62217","confirmed_cases":91,"total_tested":819},{"zip":"62218","confirmed_cases":271,"total_tested":1925},{"zip":"62219","confirmed_cases":138,"total_tested":1177},{"zip":"62220","confirmed_cases":2201,"total_tested":23259},{"zip":"62221","confirmed_cases":2953,"total_tested":30541},{"zip":"62222","confirmed_cases":16,"total_tested":528},{"zip":"62223","confirmed_cases":1867,"total_tested":22682},{"zip":"62225","confirmed_cases":156,"total_tested":2189},{"zip":"62226","confirmed_cases":3390,"total_tested":42207},{"zip":"62230","confirmed_cases":1188,"total_tested":11504},{"zip":"62231","confirmed_cases":1059,"total_tested":11052},{"zip":"62232","confirmed_cases":940,"total_tested":12880},{"zip":"62233","confirmed_cases":1072,"total_tested":17877},{"zip":"62234","confirmed_cases":3627,"total_tested":32354},{"zip":"62236","confirmed_cases":1671,"total_tested":12392},{"zip":"62237","confirmed_cases":333,"total_tested":7447},{"zip":"62238","confirmed_cases":65,"total_tested":704},{"zip":"62239","confirmed_cases":501,"total_tested":3939},{"zip":"62240","confirmed_cases":178,"total_tested":1207},{"zip":"62241","confirmed_cases":122,"total_tested":1943},{"zip":"62242","confirmed_cases":149,"total_tested":1861},{"zip":"62243","confirmed_cases":806,"total_tested":10456},{"zip":"62244","confirmed_cases":111,"total_tested":696},{"zip":"62245","confirmed_cases":276,"total_tested":2289},{"zip":"62246","confirmed_cases":1279,"total_tested":29623},{"zip":"62248","confirmed_cases":56,"total_tested":490},{"zip":"62249","confirmed_cases":2185,"total_tested":22865},{"zip":"62250","confirmed_cases":50,"total_tested":606},{"zip":"62253","confirmed_cases":55,"total_tested":867},{"zip":"62254","confirmed_cases":828,"total_tested":11628},{"zip":"62255","confirmed_cases":89,"total_tested":810},{"zip":"62256","confirmed_cases":15,"total_tested":635},{"zip":"62257","confirmed_cases":362,"total_tested":3293},{"zip":"62258","confirmed_cases":1103,"total_tested":13714},{"zip":"62259","confirmed_cases":15,"total_tested":63832},{"zip":"62260","confirmed_cases":839,"total_tested":6690},{"zip":"62261","confirmed_cases":29,"total_tested":185},{"zip":"62262","confirmed_cases":227,"total_tested":1995},{"zip":"62263","confirmed_cases":697,"total_tested":5185},{"zip":"62264","confirmed_cases":377,"total_tested":3841},{"zip":"62265","confirmed_cases":548,"total_tested":8398},{"zip":"62266","confirmed_cases":25,"total_tested":235},{"zip":"62268","confirmed_cases":66,"total_tested":707},{"zip":"62269","confirmed_cases":3453,"total_tested":40830},{"zip":"62271","confirmed_cases":220,"total_tested":1962},{"zip":"62272","confirmed_cases":200,"total_tested":2068},{"zip":"62273","confirmed_cases":38,"total_tested":428},{"zip":"62274","confirmed_cases":1582,"total_tested":36674},{"zip":"62275","confirmed_cases":405,"total_tested":3777},{"zip":"62277","confirmed_cases":132,"total_tested":1435},{"zip":"62278","confirmed_cases":1036,"total_tested":10320},{"zip":"62279","confirmed_cases":6,"total_tested":74},{"zip":"62280","confirmed_cases":27,"total_tested":519},{"zip":"62281","confirmed_cases":425,"total_tested":2881},{"zip":"62282","confirmed_cases":72,"total_tested":569},{"zip":"62284","confirmed_cases":68,"total_tested":797},{"zip":"62285","confirmed_cases":601,"total_tested":5714},{"zip":"62286","confirmed_cases":776,"total_tested":11112},{"zip":"62288","confirmed_cases":423,"total_tested":5328},{"zip":"62289","confirmed_cases":53,"total_tested":403},{"zip":"62292","confirmed_cases":55,"total_tested":1033},{"zip":"62293","confirmed_cases":628,"total_tested":6789},{"zip":"62294","confirmed_cases":1945,"total_tested":15274},{"zip":"62295","confirmed_cases":168,"total_tested":1118},{"zip":"62297","confirmed_cases":39,"total_tested":551},{"zip":"62298","confirmed_cases":2229,"total_tested":28005},{"zip":"62301","confirmed_cases":4117,"total_tested":96704},{"zip":"62305","confirmed_cases":2457,"total_tested":24038},{"zip":"62306","confirmed_cases":10,"total_tested":161},{"zip":"62311","confirmed_cases":67,"total_tested":995},{"zip":"62312","confirmed_cases":263,"total_tested":2593},{"zip":"62313","confirmed_cases":38,"total_tested":341},{"zip":"62314","confirmed_cases":53,"total_tested":621},{"zip":"62316","confirmed_cases":102,"total_tested":855},{"zip":"62320","confirmed_cases":332,"total_tested":3536},{"zip":"62321","confirmed_cases":382,"total_tested":4502},{"zip":"62323","confirmed_cases":16,"total_tested":319},{"zip":"62324","confirmed_cases":127,"total_tested":1794},{"zip":"62325","confirmed_cases":46,"total_tested":307},{"zip":"62326","confirmed_cases":186,"total_tested":3137},{"zip":"62330","confirmed_cases":108,"total_tested":1062},{"zip":"62334","confirmed_cases":9,"total_tested":161},{"zip":"62338","confirmed_cases":141,"total_tested":1492},{"zip":"62339","confirmed_cases":123,"total_tested":1706},{"zip":"62340","confirmed_cases":144,"total_tested":1940},{"zip":"62341","confirmed_cases":345,"total_tested":4079},{"zip":"62343","confirmed_cases":70,"total_tested":545},{"zip":"62344","confirmed_cases":7,"total_tested":222},{"zip":"62345","confirmed_cases":29,"total_tested":197},{"zip":"62346","confirmed_cases":24,"total_tested":204},{"zip":"62347","confirmed_cases":249,"total_tested":2598},{"zip":"62349","confirmed_cases":71,"total_tested":662},{"zip":"62351","confirmed_cases":211,"total_tested":1902},{"zip":"62352","confirmed_cases":23,"total_tested":224},{"zip":"62353","confirmed_cases":592,"total_tested":25748},{"zip":"62354","confirmed_cases":160,"total_tested":1061},{"zip":"62355","confirmed_cases":78,"total_tested":806},{"zip":"62356","confirmed_cases":65,"total_tested":529},{"zip":"62357","confirmed_cases":19,"total_tested":211},{"zip":"62358","confirmed_cases":58,"total_tested":473},{"zip":"62359","confirmed_cases":17,"total_tested":216},{"zip":"62360","confirmed_cases":206,"total_tested":2411},{"zip":"62361","confirmed_cases":24,"total_tested":637},{"zip":"62362","confirmed_cases":39,"total_tested":412},{"zip":"62363","confirmed_cases":817,"total_tested":8484},{"zip":"62365","confirmed_cases":66,"total_tested":543},{"zip":"62366","confirmed_cases":141,"total_tested":1342},{"zip":"62367","confirmed_cases":71,"total_tested":1413},{"zip":"62370","confirmed_cases":44,"total_tested":467},{"zip":"62373","confirmed_cases":36,"total_tested":255},{"zip":"62374","confirmed_cases":19,"total_tested":455},{"zip":"62375","confirmed_cases":36,"total_tested":414},{"zip":"62376","confirmed_cases":126,"total_tested":1342},{"zip":"62378","confirmed_cases":60,"total_tested":937},{"zip":"62379","confirmed_cases":196,"total_tested":1974},{"zip":"62380","confirmed_cases":32,"total_tested":341},{"zip":"62401","confirmed_cases":2706,"total_tested":24021},{"zip":"62410","confirmed_cases":77,"total_tested":895},{"zip":"62411","confirmed_cases":501,"total_tested":5944},{"zip":"62413","confirmed_cases":53,"total_tested":325},{"zip":"62414","confirmed_cases":235,"total_tested":1921},{"zip":"62417","confirmed_cases":332,"total_tested":5231},{"zip":"62418","confirmed_cases":275,"total_tested":2801},{"zip":"62419","confirmed_cases":38,"total_tested":433},{"zip":"62420","confirmed_cases":585,"total_tested":6756},{"zip":"62421","confirmed_cases":68,"total_tested":714},{"zip":"62422","confirmed_cases":129,"total_tested":1162},{"zip":"62423","confirmed_cases":58,"total_tested":416},{"zip":"62424","confirmed_cases":317,"total_tested":1994},{"zip":"62425","confirmed_cases":51,"total_tested":688},{"zip":"62426","confirmed_cases":79,"total_tested":924},{"zip":"62427","confirmed_cases":121,"total_tested":1561},{"zip":"62428","confirmed_cases":338,"total_tested":3793},{"zip":"62431","confirmed_cases":112,"total_tested":1012},{"zip":"62432","confirmed_cases":73,"total_tested":576},{"zip":"62433","confirmed_cases":108,"total_tested":1306},{"zip":"62434","confirmed_cases":33,"total_tested":277},{"zip":"62436","confirmed_cases":68,"total_tested":533},{"zip":"62438","confirmed_cases":22,"total_tested":292},{"zip":"62439","confirmed_cases":747,"total_tested":9034},{"zip":"62440","confirmed_cases":131,"total_tested":1496},{"zip":"62441","confirmed_cases":793,"total_tested":7229},{"zip":"62442","confirmed_cases":244,"total_tested":2144},{"zip":"62443","confirmed_cases":186,"total_tested":1349},{"zip":"62444","confirmed_cases":37,"total_tested":265},{"zip":"62445","confirmed_cases":122,"total_tested":820},{"zip":"62446","confirmed_cases":47,"total_tested":359},{"zip":"62447","confirmed_cases":434,"total_tested":4922},{"zip":"62448","confirmed_cases":772,"total_tested":8701},{"zip":"62449","confirmed_cases":336,"total_tested":4170},{"zip":"62450","confirmed_cases":1399,"total_tested":22669},{"zip":"62451","confirmed_cases":192,"total_tested":2382},{"zip":"62452","confirmed_cases":35,"total_tested":383},{"zip":"62454","confirmed_cases":1303,"total_tested":26782},{"zip":"62458","confirmed_cases":326,"total_tested":4806},{"zip":"62459","confirmed_cases":21,"total_tested":332},{"zip":"62460","confirmed_cases":105,"total_tested":897},{"zip":"62461","confirmed_cases":114,"total_tested":909},{"zip":"62462","confirmed_cases":110,"total_tested":747},{"zip":"62463","confirmed_cases":133,"total_tested":1168},{"zip":"62464","confirmed_cases":14,"total_tested":79},{"zip":"62465","confirmed_cases":98,"total_tested":799},{"zip":"62466","confirmed_cases":1199,"total_tested":51009},{"zip":"62467","confirmed_cases":576,"total_tested":3130},{"zip":"62468","confirmed_cases":281,"total_tested":2882},{"zip":"62469","confirmed_cases":61,"total_tested":466},{"zip":"62471","confirmed_cases":1685,"total_tested":18166},{"zip":"62473","confirmed_cases":174,"total_tested":1212},{"zip":"62474","confirmed_cases":77,"total_tested":858},{"zip":"62475","confirmed_cases":29,"total_tested":298},{"zip":"62476","confirmed_cases":121,"total_tested":1154},{"zip":"62477","confirmed_cases":79,"total_tested":772},{"zip":"62478","confirmed_cases":34,"total_tested":314},{"zip":"62479","confirmed_cases":108,"total_tested":934},{"zip":"62480","confirmed_cases":55,"total_tested":896},{"zip":"62481","confirmed_cases":25,"total_tested":409},{"zip":"62501","confirmed_cases":230,"total_tested":3516},{"zip":"62510","confirmed_cases":160,"total_tested":1803},{"zip":"62512","confirmed_cases":38,"total_tested":649},{"zip":"62513","confirmed_cases":115,"total_tested":2008},{"zip":"62514","confirmed_cases":23,"total_tested":193},{"zip":"62515","confirmed_cases":79,"total_tested":1447},{"zip":"62517","confirmed_cases":15,"total_tested":379},{"zip":"62518","confirmed_cases":32,"total_tested":689},{"zip":"62519","confirmed_cases":7,"total_tested":136},{"zip":"62520","confirmed_cases":133,"total_tested":2029},{"zip":"62521","confirmed_cases":3590,"total_tested":51169},{"zip":"62522","confirmed_cases":1335,"total_tested":21369},{"zip":"62523","confirmed_cases":97,"total_tested":1623},{"zip":"62524","confirmed_cases":26,"total_tested":6638},{"zip":"62525","confirmed_cases":14,"total_tested":283},{"zip":"62526","confirmed_cases":3175,"total_tested":55202},{"zip":"62530","confirmed_cases":124,"total_tested":2005},{"zip":"62531","confirmed_cases":175,"total_tested":2206},{"zip":"62532","confirmed_cases":11,"total_tested":81},{"zip":"62533","confirmed_cases":82,"total_tested":1057},{"zip":"62534","confirmed_cases":113,"total_tested":1403},{"zip":"62535","confirmed_cases":471,"total_tested":10013},{"zip":"62536","confirmed_cases":58,"total_tested":1331},{"zip":"62537","confirmed_cases":11,"total_tested":226},{"zip":"62538","confirmed_cases":24,"total_tested":299},{"zip":"62539","confirmed_cases":126,"total_tested":1657},{"zip":"62540","confirmed_cases":123,"total_tested":1715},{"zip":"62543","confirmed_cases":41,"total_tested":672},{"zip":"62544","confirmed_cases":181,"total_tested":3214},{"zip":"62545","confirmed_cases":120,"total_tested":1603},{"zip":"62546","confirmed_cases":143,"total_tested":1781},{"zip":"62547","confirmed_cases":60,"total_tested":858},{"zip":"62548","confirmed_cases":257,"total_tested":5536},{"zip":"62549","confirmed_cases":821,"total_tested":9756},{"zip":"62550","confirmed_cases":328,"total_tested":3672},{"zip":"62551","confirmed_cases":72,"total_tested":1013},{"zip":"62553","confirmed_cases":53,"total_tested":495},{"zip":"62554","confirmed_cases":148,"total_tested":2286},{"zip":"62555","confirmed_cases":28,"total_tested":502},{"zip":"62556","confirmed_cases":31,"total_tested":374},{"zip":"62557","confirmed_cases":797,"total_tested":11300},{"zip":"62558","confirmed_cases":354,"total_tested":4828},{"zip":"62560","confirmed_cases":160,"total_tested":1962},{"zip":"62561","confirmed_cases":520,"total_tested":7696},{"zip":"62563","confirmed_cases":577,"total_tested":8840},{"zip":"62565","confirmed_cases":790,"total_tested":12635},{"zip":"62567","confirmed_cases":100,"total_tested":1064},{"zip":"62568","confirmed_cases":1942,"total_tested":32169},{"zip":"62570","confirmed_cases":43,"total_tested":663},{"zip":"62571","confirmed_cases":108,"total_tested":1461},{"zip":"62572","confirmed_cases":32,"total_tested":568},{"zip":"62573","confirmed_cases":140,"total_tested":1831},{"zip":"62601","confirmed_cases":41,"total_tested":513},{"zip":"62610","confirmed_cases":18,"total_tested":297},{"zip":"62611","confirmed_cases":98,"total_tested":1023},{"zip":"62612","confirmed_cases":231,"total_tested":2929},{"zip":"62613","confirmed_cases":404,"total_tested":5682},{"zip":"62615","confirmed_cases":600,"total_tested":9374},{"zip":"62617","confirmed_cases":61,"total_tested":957},{"zip":"62618","confirmed_cases":1333,"total_tested":12611},{"zip":"62620","confirmed_cases":7,"total_tested":1312},{"zip":"62621","confirmed_cases":84,"total_tested":1527},{"zip":"62624","confirmed_cases":47,"total_tested":642},{"zip":"62625","confirmed_cases":114,"total_tested":1133},{"zip":"62626","confirmed_cases":963,"total_tested":18358},{"zip":"62627","confirmed_cases":126,"total_tested":1527},{"zip":"62628","confirmed_cases":88,"total_tested":1129},{"zip":"62629","confirmed_cases":1361,"total_tested":24880},{"zip":"62630","confirmed_cases":55,"total_tested":507},{"zip":"62631","confirmed_cases":30,"total_tested":270},{"zip":"62633","confirmed_cases":87,"total_tested":1049},{"zip":"62634","confirmed_cases":82,"total_tested":1321},{"zip":"62635","confirmed_cases":110,"total_tested":1194},{"zip":"62638","confirmed_cases":129,"total_tested":1575},{"zip":"62639","confirmed_cases":24,"total_tested":417},{"zip":"62640","confirmed_cases":269,"total_tested":4969},{"zip":"62642","confirmed_cases":137,"total_tested":2142},{"zip":"62643","confirmed_cases":63,"total_tested":778},{"zip":"62644","confirmed_cases":544,"total_tested":8527},{"zip":"62649","confirmed_cases":48,"total_tested":691},{"zip":"62650","confirmed_cases":3077,"total_tested":52369},{"zip":"62651","confirmed_cases":9,"total_tested":173},{"zip":"62655","confirmed_cases":48,"total_tested":726},{"zip":"62656","confirmed_cases":2876,"total_tested":74253},{"zip":"62661","confirmed_cases":113,"total_tested":1452},{"zip":"62663","confirmed_cases":15,"total_tested":275},{"zip":"62664","confirmed_cases":352,"total_tested":5262},{"zip":"62665","confirmed_cases":92,"total_tested":1714},{"zip":"62666","confirmed_cases":54,"total_tested":917},{"zip":"62667","confirmed_cases":46,"total_tested":592},{"zip":"62668","confirmed_cases":125,"total_tested":1501},{"zip":"62670","confirmed_cases":346,"total_tested":4355},{"zip":"62671","confirmed_cases":43,"total_tested":862},{"zip":"62672","confirmed_cases":22,"total_tested":279},{"zip":"62673","confirmed_cases":49,"total_tested":654},{"zip":"62674","confirmed_cases":88,"total_tested":1448},{"zip":"62675","confirmed_cases":592,"total_tested":11016},{"zip":"62677","confirmed_cases":213,"total_tested":3564},{"zip":"62681","confirmed_cases":611,"total_tested":11610},{"zip":"62682","confirmed_cases":97,"total_tested":1275},{"zip":"62684","confirmed_cases":753,"total_tested":10215},{"zip":"62685","confirmed_cases":195,"total_tested":2205},{"zip":"62688","confirmed_cases":56,"total_tested":963},{"zip":"62689","confirmed_cases":36,"total_tested":781},{"zip":"62690","confirmed_cases":386,"total_tested":8940},{"zip":"62691","confirmed_cases":281,"total_tested":3611},{"zip":"62692","confirmed_cases":185,"total_tested":2587},{"zip":"62693","confirmed_cases":191,"total_tested":2390},{"zip":"62694","confirmed_cases":327,"total_tested":6265},{"zip":"62695","confirmed_cases":56,"total_tested":672},{"zip":"62701","confirmed_cases":87,"total_tested":4186},{"zip":"62702","confirmed_cases":3027,"total_tested":61768},{"zip":"62703","confirmed_cases":2815,"total_tested":64323},{"zip":"62704","confirmed_cases":3209,"total_tested":65271},{"zip":"62705","confirmed_cases":11,"total_tested":266},{"zip":"62707","confirmed_cases":770,"total_tested":15202},{"zip":"62708","confirmed_cases":27,"total_tested":431},{"zip":"62711","confirmed_cases":1863,"total_tested":33006},{"zip":"62712","confirmed_cases":1058,"total_tested":17254},{"zip":"62791","confirmed_cases":25,"total_tested":385},{"zip":"62801","confirmed_cases":2638,"total_tested":71295},{"zip":"62803","confirmed_cases":123,"total_tested":944},{"zip":"62806","confirmed_cases":306,"total_tested":2488},{"zip":"62807","confirmed_cases":103,"total_tested":1048},{"zip":"62808","confirmed_cases":157,"total_tested":1366},{"zip":"62809","confirmed_cases":34,"total_tested":267},{"zip":"62810","confirmed_cases":101,"total_tested":736},{"zip":"62811","confirmed_cases":21,"total_tested":183},{"zip":"62812","confirmed_cases":1331,"total_tested":18293},{"zip":"62814","confirmed_cases":162,"total_tested":1836},{"zip":"62815","confirmed_cases":32,"total_tested":280},{"zip":"62816","confirmed_cases":113,"total_tested":977},{"zip":"62817","confirmed_cases":48,"total_tested":457},{"zip":"62818","confirmed_cases":26,"total_tested":318},{"zip":"62819","confirmed_cases":56,"total_tested":528},{"zip":"62820","confirmed_cases":18,"total_tested":164},{"zip":"62821","confirmed_cases":979,"total_tested":17031},{"zip":"62822","confirmed_cases":281,"total_tested":3567},{"zip":"62823","confirmed_cases":174,"total_tested":2313},{"zip":"62824","confirmed_cases":163,"total_tested":1914},{"zip":"62825","confirmed_cases":18,"total_tested":293},{"zip":"62827","confirmed_cases":103,"total_tested":1098},{"zip":"62828","confirmed_cases":159,"total_tested":1350},{"zip":"62830","confirmed_cases":155,"total_tested":1182},{"zip":"62831","confirmed_cases":56,"total_tested":514},{"zip":"62832","confirmed_cases":1152,"total_tested":14101},{"zip":"62833","confirmed_cases":37,"total_tested":214},{"zip":"62835","confirmed_cases":129,"total_tested":1285},{"zip":"62836","confirmed_cases":76,"total_tested":785},{"zip":"62837","confirmed_cases":972,"total_tested":10765},{"zip":"62838","confirmed_cases":189,"total_tested":1574},{"zip":"62839","confirmed_cases":795,"total_tested":9195},{"zip":"62841","confirmed_cases":27,"total_tested":384},{"zip":"62842","confirmed_cases":85,"total_tested":729},{"zip":"62843","confirmed_cases":8,"total_tested":68},{"zip":"62844","confirmed_cases":238,"total_tested":2090},{"zip":"62846","confirmed_cases":472,"total_tested":18983},{"zip":"62848","confirmed_cases":59,"total_tested":831},{"zip":"62849","confirmed_cases":200,"total_tested":2133},{"zip":"62850","confirmed_cases":17,"total_tested":171},{"zip":"62851","confirmed_cases":35,"total_tested":262},{"zip":"62852","confirmed_cases":18,"total_tested":133},{"zip":"62853","confirmed_cases":97,"total_tested":1256},{"zip":"62854","confirmed_cases":164,"total_tested":1644},{"zip":"62856","confirmed_cases":23,"total_tested":306},{"zip":"62858","confirmed_cases":329,"total_tested":2966},{"zip":"62859","confirmed_cases":557,"total_tested":6348},{"zip":"62860","confirmed_cases":40,"total_tested":492},{"zip":"62862","confirmed_cases":25,"total_tested":216},{"zip":"62863","confirmed_cases":1194,"total_tested":12435},{"zip":"62864","confirmed_cases":2618,"total_tested":28127},{"zip":"62865","confirmed_cases":261,"total_tested":2311},{"zip":"62867","confirmed_cases":47,"total_tested":454},{"zip":"62868","confirmed_cases":162,"total_tested":2020},{"zip":"62869","confirmed_cases":260,"total_tested":2395},{"zip":"62870","confirmed_cases":293,"total_tested":4104},{"zip":"62871","confirmed_cases":49,"total_tested":537},{"zip":"62872","confirmed_cases":111,"total_tested":828},{"zip":"62874","confirmed_cases":48,"total_tested":370},{"zip":"62875","confirmed_cases":158,"total_tested":1701},{"zip":"62876","confirmed_cases":23,"total_tested":153},{"zip":"62877","confirmed_cases":43,"total_tested":508},{"zip":"62878","confirmed_cases":38,"total_tested":354},{"zip":"62880","confirmed_cases":94,"total_tested":842},{"zip":"62881","confirmed_cases":1218,"total_tested":18938},{"zip":"62882","confirmed_cases":260,"total_tested":3378},{"zip":"62883","confirmed_cases":69,"total_tested":682},{"zip":"62884","confirmed_cases":351,"total_tested":3221},{"zip":"62885","confirmed_cases":101,"total_tested":798},{"zip":"62886","confirmed_cases":34,"total_tested":362},{"zip":"62887","confirmed_cases":40,"total_tested":327},{"zip":"62888","confirmed_cases":176,"total_tested":2026},{"zip":"62889","confirmed_cases":93,"total_tested":734},{"zip":"62890","confirmed_cases":245,"total_tested":2801},{"zip":"62891","confirmed_cases":69,"total_tested":655},{"zip":"62892","confirmed_cases":50,"total_tested":413},{"zip":"62893","confirmed_cases":101,"total_tested":1322},{"zip":"62894","confirmed_cases":118,"total_tested":885},{"zip":"62895","confirmed_cases":207,"total_tested":1421},{"zip":"62896","confirmed_cases":1362,"total_tested":14879},{"zip":"62897","confirmed_cases":57,"total_tested":481},{"zip":"62898","confirmed_cases":204,"total_tested":1515},{"zip":"62899","confirmed_cases":121,"total_tested":1476},{"zip":"62901","confirmed_cases":2213,"total_tested":40136},{"zip":"62902","confirmed_cases":360,"total_tested":5439},{"zip":"62903","confirmed_cases":184,"total_tested":3366},{"zip":"62905","confirmed_cases":54,"total_tested":714},{"zip":"62906","confirmed_cases":1138,"total_tested":20338},{"zip":"62907","confirmed_cases":211,"total_tested":2862},{"zip":"62908","confirmed_cases":53,"total_tested":481},{"zip":"62910","confirmed_cases":196,"total_tested":1509},{"zip":"62912","confirmed_cases":93,"total_tested":1384},{"zip":"62914","confirmed_cases":175,"total_tested":2502},{"zip":"62915","confirmed_cases":69,"total_tested":784},{"zip":"62916","confirmed_cases":99,"total_tested":1401},{"zip":"62917","confirmed_cases":297,"total_tested":4989},{"zip":"62918","confirmed_cases":1205,"total_tested":15014},{"zip":"62919","confirmed_cases":79,"total_tested":1174},{"zip":"62920","confirmed_cases":377,"total_tested":5737},{"zip":"62921","confirmed_cases":31,"total_tested":443},{"zip":"62922","confirmed_cases":291,"total_tested":3142},{"zip":"62923","confirmed_cases":39,"total_tested":690},{"zip":"62924","confirmed_cases":268,"total_tested":3671},{"zip":"62926","confirmed_cases":214,"total_tested":3162},{"zip":"62927","confirmed_cases":26,"total_tested":407},{"zip":"62928","confirmed_cases":14,"total_tested":257},{"zip":"62930","confirmed_cases":589,"total_tested":7776},{"zip":"62931","confirmed_cases":135,"total_tested":1413},{"zip":"62932","confirmed_cases":155,"total_tested":2342},{"zip":"62933","confirmed_cases":179,"total_tested":3412},{"zip":"62934","confirmed_cases":87,"total_tested":1014},{"zip":"62935","confirmed_cases":220,"total_tested":2404},{"zip":"62938","confirmed_cases":223,"total_tested":2728},{"zip":"62939","confirmed_cases":361,"total_tested":4277},{"zip":"62940","confirmed_cases":28,"total_tested":407},{"zip":"62941","confirmed_cases":74,"total_tested":647},{"zip":"62942","confirmed_cases":62,"total_tested":595},{"zip":"62943","confirmed_cases":52,"total_tested":858},{"zip":"62946","confirmed_cases":1335,"total_tested":20825},{"zip":"62947","confirmed_cases":35,"total_tested":469},{"zip":"62948","confirmed_cases":1385,"total_tested":21390},{"zip":"62949","confirmed_cases":62,"total_tested":884},{"zip":"62950","confirmed_cases":27,"total_tested":302},{"zip":"62951","confirmed_cases":532,"total_tested":6136},{"zip":"62952","confirmed_cases":388,"total_tested":5912},{"zip":"62953","confirmed_cases":29,"total_tested":332},{"zip":"62954","confirmed_cases":25,"total_tested":439},{"zip":"62956","confirmed_cases":96,"total_tested":848},{"zip":"62957","confirmed_cases":67,"total_tested":574},{"zip":"62958","confirmed_cases":137,"total_tested":2477},{"zip":"62959","confirmed_cases":3099,"total_tested":49628},{"zip":"62960","confirmed_cases":1045,"total_tested":10316},{"zip":"62963","confirmed_cases":39,"total_tested":470},{"zip":"62964","confirmed_cases":120,"total_tested":1276},{"zip":"62965","confirmed_cases":9,"total_tested":81},{"zip":"62966","confirmed_cases":1457,"total_tested":21749},{"zip":"62967","confirmed_cases":37,"total_tested":308},{"zip":"62969","confirmed_cases":33,"total_tested":408},{"zip":"62970","confirmed_cases":56,"total_tested":432},{"zip":"62972","confirmed_cases":102,"total_tested":1646},{"zip":"62974","confirmed_cases":134,"total_tested":1269},{"zip":"62975","confirmed_cases":14,"total_tested":300},{"zip":"62976","confirmed_cases":42,"total_tested":488},{"zip":"62977","confirmed_cases":61,"total_tested":662},{"zip":"62979","confirmed_cases":111,"total_tested":1246},{"zip":"62982","confirmed_cases":162,"total_tested":3224},{"zip":"62983","confirmed_cases":155,"total_tested":1800},{"zip":"62984","confirmed_cases":154,"total_tested":1626},{"zip":"62985","confirmed_cases":80,"total_tested":1193},{"zip":"62987","confirmed_cases":96,"total_tested":1441},{"zip":"62988","confirmed_cases":111,"total_tested":1581},{"zip":"62990","confirmed_cases":76,"total_tested":750},{"zip":"62992","confirmed_cases":212,"total_tested":2200},{"zip":"62994","confirmed_cases":86,"total_tested":1027},{"zip":"62995","confirmed_cases":733,"total_tested":39593},{"zip":"62996","confirmed_cases":67,"total_tested":432},{"zip":"62997","confirmed_cases":45,"total_tested":966},{"zip":"62998","confirmed_cases":34,"total_tested":425},{"zip":"62999","confirmed_cases":136,"total_tested":1676},{"zip":"91761","confirmed_cases":21,"total_tested":3517}]}