ZipCode,Main_City,FIPS,County_Forecast_Week_Ahead_Total,ZipPopulation,ZipCode_Forecast_Week_Ahead_Total,4/3/20,4/10/20,4/17/20
62301,Quincy,17001,28,32078,14,14,21,31
62305,Quincy,17001,28,19357,9,9,13,19
62320,Camp Point,17001,28,2324,1,1,1,1
62325,Coatsburg,17001,28,1076,0,0,0,0
62338,Fowler,17001,28,1316,1,1,1,1
62339,Golden,17001,28,874,0,0,0,0
62347,Liberty,17001,28,1956,1,1,1,1
62359,Paloma,17001,28,884,0,0,0,0
62360,Payson,17001,28,1918,1,1,1,1
62365,Plainville,17001,28,620,0,0,0,0
62376,Ursa,17001,28,1204,1,1,1,1
62914,Cairo,17003,14,2738,6,6,9,13
62962,Miller City,17003,14,9,0,0,0,0
62969,Olive Branch,17003,14,398,1,1,1,1
62988,Tamms,17003,14,1570,3,3,4,6
62990,Thebes,17003,14,1570,3,3,4,6
62246,Greenville,17005,14,9916,13,13,19,28
62284,Smithboro,17005,14,549,1,1,1,1
61012,Capron,17007,175,2432,33,33,49,73
61065,Poplar Grove,17007,175,10360,142,142,213,319
62324,Clayton,17009,21,1076,10,10,15,22
62375,Timewell,17009,21,294,3,3,4,6
62378,Versailles,17009,21,955,9,9,13,19
61312,Arlington,17011,14,511,0,0,0,0
61314,Buda,17011,14,511,0,0,0,0
61320,Dalzell,17011,14,724,0,0,0,0
61329,Ladd,17011,14,1185,1,1,1,1
61337,Malden,17011,14,569,0,0,0,0
61356,Princeton,17011,14,10680,7,7,10,15
61362,Spring Valley,17011,14,5585,3,3,4,6
61368,Tiskilwa,17011,14,1428,1,1,1,1
61379,Wyanet,17011,14,1488,1,1,1,1
62006,Batchtown,17013,7,490,0,0,0,0
62013,Brussels,17013,7,693,0,0,0,0
62036,Golden Eagle,17013,7,16520,3,3,4,6
62045,Hamburg,17013,7,429,0,0,0,0
62047,Hardin,17013,7,1443,0,0,0,0
62053,Kampsville,17013,7,12292,2,2,3,4
62065,Michael,17013,7,179,0,0,0,0
62070,Mozier,17013,7,48,0,0,0,0
61046,Lanark,17015,7,2451,0,0,0,0
61285,Thomson,17015,7,1627,0,0,0,0
61299,Rock Island,17015,7,1627,0,0,0,0
62618,Beardstown,17017,21,7398,17,17,25,37
62691,Virginia,17017,21,1978,4,4,6,9
61801,Urbana,17019,196,31157,31,31,46,69
61802,Urbana,17019,196,19349,19,19,28,42
61816,Broadlands,17019,196,458,0,0,0,0
61820,Champaign,17019,196,38156,38,38,57,85
61821,Champaign,17019,196,30582,31,31,46,69
61822,Champaign,17019,196,25829,26,26,39,58
61840,Dewey,17019,196,8778,9,9,13,19
61847,Gifford,17019,196,1239,1,1,1,1
61863,Pesotum,17019,196,806,1,1,1,1
61864,Philo,17019,196,1719,2,2,3,4
61866,Rantoul,17019,196,14296,14,14,21,31
61873,Saint Joseph,17019,196,6519,7,7,10,15
61874,Savoy,17019,196,8150,8,8,12,18
61875,Seymour,17019,196,818,1,1,1,1
61877,Sidney,17019,196,1803,2,2,3,4
61878,Thomasboro,17019,196,1310,1,1,1,1
61880,Tolono,17019,196,3831,4,4,6,9
62517,Bulpitt,17021,21,1010,1,1,1,1
62531,Edinburg,17021,21,1764,2,2,3,4
62555,Owaneco,17021,21,423,0,0,0,0
62556,Palmer,17021,21,423,0,0,0,0
62567,Stonington,17021,21,1035,1,1,1,1
62568,Taylorville,17021,21,15787,16,16,24,36
62477,West Union,17023,14,1590,14,14,21,31
62839,Flora,17025,14,6397,14,14,21,31
62215,Albers,17027,21,1907,1,1,1,1
62216,Aviston,17027,21,2742,2,2,3,4
62218,Bartelso,17027,21,1820,1,1,1,1
62230,Breese,17027,21,6279,4,4,6,9
62231,Carlyle,17027,21,7436,4,4,6,9
62245,Germantown,17027,21,1692,1,1,1,1
62250,Hoffman,17027,21,15507,9,9,13,19
61912,Ashmore,17029,56,1227,1,1,1,1
61920,Charleston,17029,56,24001,27,27,40,60
61931,Humboldt,17029,56,1080,1,1,1,1
61938,Mattoon,17029,56,21840,25,25,37,55
62474,Westfield,17029,56,1443,2,2,3,4
60004,Arlington Heights,17031,8183,50915,79,79,118,177
60005,Arlington Heights,17031,8183,29539,46,46,69,103
60007,Elk Grove Village,17031,8183,33420,52,52,78,117
60008,Rolling Meadows,17031,8183,21833,34,34,51,76
60016,Des Plaines,17031,8183,59637,93,93,139,208
60018,Des Plaines,17031,8183,30386,47,47,70,105
60019,Des Plaines,17031,8183,30386,47,47,70,105
60022,Glencoe,17031,8183,8477,13,13,19,28
60025,Glenview,17031,8183,41014,64,64,96,144
60026,Glenview,17031,8183,14118,22,22,33,49
60043,Kenilworth,17031,8183,2512,4,4,6,9
60053,Morton Grove,17031,8183,23256,36,36,54,81
60055,Palatine,17031,8183,23256,36,36,54,81
60056,Mount Prospect,17031,8183,55250,86,86,129,193
60062,Northbrook,17031,8183,40459,63,63,94,141
60067,Palatine,17031,8183,38177,59,59,88,132
60068,Park Ridge,17031,8183,37736,59,59,88,132
60070,Prospect Heights,17031,8183,16049,25,25,37,55
60076,Skokie,17031,8183,31867,49,49,73,109
60077,Skokie,17031,8183,28329,44,44,66,99
60090,Wheeling,17031,8183,38476,60,60,90,135
60091,Wilmette,17031,8183,27367,42,42,63,94
60093,Winnetka,17031,8183,19441,30,30,45,67
60104,Bellwood,17031,8183,18999,29,29,43,64
60105,Bensenville,17031,8183,18999,29,29,43,64
60107,Streamwood,17031,8183,40437,63,63,94,141
60130,Forest Park,17031,8183,14041,22,22,33,49
60131,Franklin Park,17031,8183,18025,28,28,42,63
60132,Carol Stream,17031,8183,18025,28,28,42,63
60153,Maywood,17031,8183,23810,37,37,55,82
60154,Westchester,17031,8183,16573,26,26,39,58
60155,Broadview,17031,8183,7829,12,12,18,27
60160,Melrose Park,17031,8183,25412,39,39,58,87
60162,Hillside,17031,8183,8165,13,13,19,28
60163,Berkeley,17031,8183,5161,8,8,12,18
60164,Melrose Park,17031,8183,21600,34,34,51,76
60165,Stone Park,17031,8183,4923,8,8,12,18
60169,Hoffman Estates,17031,8183,33667,52,52,78,117
60171,River Grove,17031,8183,10148,16,16,24,36
60173,Schaumburg,17031,8183,12162,19,19,28,42
60176,Schiller Park,17031,8183,11704,18,18,27,40
60192,Hoffman Estates,17031,8183,15650,24,24,36,54
60193,Schaumburg,17031,8183,40248,62,62,93,139
60194,Schaumburg,17031,8183,18946,29,29,43,64
60195,Schaumburg,17031,8183,5568,9,9,13,19
60196,Schaumburg,17031,8183,5568,9,9,13,19
60199,Carol Stream,17031,8183,5568,9,9,13,19
60201,Evanston,17031,8183,42296,66,66,99,148
60202,Evanston,17031,8183,32861,51,51,76,114
60203,Evanston,17031,8183,4188,7,7,10,15
60208,Evanston,17031,8183,4188,7,7,10,15
60301,Oak Park,17031,8183,2536,4,4,6,9
60302,Oak Park,17031,8183,32048,50,50,75,112
60304,Oak Park,17031,8183,17641,27,27,40,60
60305,River Forest,17031,8183,11064,17,17,25,37
60399,Wood Dale,17031,8183,11064,17,17,25,37
60402,Berwyn,17031,8183,63554,99,99,148,222
60406,Blue Island,17031,8183,25256,39,39,58,87
60409,Calumet City,17031,8183,36955,57,57,85,127
60411,Chicago Heights,17031,8183,57800,90,90,135,202
60415,Chicago Ridge,17031,8183,14254,22,22,33,49
60419,Dolton,17031,8183,22644,35,35,52,78
60422,Flossmoor,17031,8183,9768,15,15,22,33
60425,Glenwood,17031,8183,8912,14,14,21,31
60426,Harvey,17031,8183,28924,45,45,67,100
60428,Markham,17031,8183,12271,19,19,28,42
60429,Hazel Crest,17031,8183,15387,24,24,36,54
60430,Homewood,17031,8183,20227,31,31,46,69
60438,Lansing,17031,8183,28960,45,45,67,100
60443,Matteson,17031,8183,21554,33,33,49,73
60445,Midlothian,17031,8183,25930,40,40,60,90
60452,Oak Forest,17031,8183,28324,44,44,66,99
60453,Oak Lawn,17031,8183,56420,88,88,132,198
60455,Bridgeview,17031,8183,16479,26,26,39,58
60456,Hometown,17031,8183,4308,7,7,10,15
60457,Hickory Hills,17031,8183,14018,22,22,33,49
60458,Justice,17031,8183,15288,24,24,36,54
60459,Burbank,17031,8183,28908,45,45,67,100
60461,Olympia Fields,17031,8183,4917,8,8,12,18
60462,Orland Park,17031,8183,40305,63,63,94,141
60463,Palos Heights,17031,8183,14926,23,23,34,51
60464,Palos Park,17031,8183,9715,15,15,22,33
60465,Palos Hills,17031,8183,17473,27,27,40,60
60469,Posen,17031,8183,5780,9,9,13,19
60472,Robbins,17031,8183,4870,8,8,12,18
60473,South Holland,17031,8183,22201,34,34,51,76
60476,Thornton,17031,8183,2493,4,4,6,9
60478,Country Club Hills,17031,8183,17112,27,27,40,60
60480,Willow Springs,17031,8183,5370,8,8,12,18
60482,Worth,17031,8183,10916,17,17,25,37
60501,Summit Argo,17031,8183,11854,18,18,27,40
60513,Brookfield,17031,8183,18880,29,29,43,64
60525,La Grange,17031,8183,30576,47,47,70,105
60526,La Grange Park,17031,8183,13546,21,21,31,46
60534,Lyons,17031,8183,10544,16,16,24,36
60546,Riverside,17031,8183,15685,24,24,36,54
60558,Western Springs,17031,8183,13227,21,21,31,46
60601,Chicago,17031,8183,14675,23,23,34,51
60602,Chicago,17031,8183,1244,2,2,3,4
60603,Chicago,17031,8183,1174,2,2,3,4
60604,Chicago,17031,8183,782,1,1,1,1
60605,Chicago,17031,8183,27519,43,43,64,96
60606,Chicago,17031,8183,3101,5,5,7,10
60607,Chicago,17031,8183,29591,46,46,69,103
60608,Chicago,17031,8183,79205,123,123,184,276
60609,Chicago,17031,8183,61495,95,95,142,213
60610,Chicago,17031,8183,39019,61,61,91,136
60611,Chicago,17031,8183,32426,50,50,75,112
60612,Chicago,17031,8183,34311,53,53,79,118
60613,Chicago,17031,8183,50113,78,78,117,175
60614,Chicago,17031,8183,71308,111,111,166,249
60615,Chicago,17031,8183,41563,65,65,97,145
60616,Chicago,17031,8183,54464,85,85,127,190
60617,Chicago,17031,8183,82534,128,128,192,288
60618,Chicago,17031,8183,94395,147,147,220,330
60619,Chicago,17031,8183,61258,95,95,142,213
60620,Chicago,17031,8183,68096,106,106,159,238
60621,Chicago,17031,8183,29042,45,45,67,100
60622,Chicago,17031,8183,52793,82,82,123,184
60623,Chicago,17031,8183,85979,133,133,199,298
60624,Chicago,17031,8183,36158,56,56,84,126
60625,Chicago,17031,8183,79243,123,123,184,276
60626,Chicago,17031,8183,49730,77,77,115,172
60628,Chicago,17031,8183,66724,104,104,156,234
60629,Chicago,17031,8183,111850,174,174,261,391
60630,Chicago,17031,8183,57344,89,89,133,199
60631,Chicago,17031,8183,29529,46,46,69,103
60632,Chicago,17031,8183,91039,141,141,211,316
60633,Chicago,17031,8183,12871,20,20,30,45
60634,Chicago,17031,8183,75995,118,118,177,265
60636,Chicago,17031,8183,32203,50,50,75,112
60637,Chicago,17031,8183,47454,74,74,111,166
60638,Chicago,17031,8183,58797,91,91,136,204
60639,Chicago,17031,8183,90517,141,141,211,316
60640,Chicago,17031,8183,69715,108,108,162,243
60641,Chicago,17031,8183,71023,110,110,165,247
60642,Chicago,17031,8183,20201,31,31,46,69
60643,Chicago,17031,8183,49870,77,77,115,172
60644,Chicago,17031,8183,47712,74,74,111,166
60645,Chicago,17031,8183,47732,74,74,111,166
60646,Chicago,17031,8183,27987,43,43,64,96
60647,Chicago,17031,8183,87509,136,136,204,306
60649,Chicago,17031,8183,46024,71,71,106,159
60651,Chicago,17031,8183,63218,98,98,147,220
60652,Chicago,17031,8183,43907,68,68,102,153
60653,Chicago,17031,8183,31972,50,50,75,112
60654,Chicago,17031,8183,19135,30,30,45,67
60655,Chicago,17031,8183,28804,45,45,67,100
60656,Chicago,17031,8183,27579,43,43,64,96
60657,Chicago,17031,8183,70052,109,109,163,244
60659,Chicago,17031,8183,41068,64,64,96,144
60660,Chicago,17031,8183,43242,67,67,100,150
60661,Chicago,17031,8183,9926,15,15,22,33
60668,Chicago,17031,8183,9926,15,15,22,33
60669,Chicago,17031,8183,9926,15,15,22,33
60670,Chicago,17031,8183,9926,15,15,22,33
60673,Chicago,17031,8183,9926,15,15,22,33
60674,Chicago,17031,8183,9926,15,15,22,33
60675,Chicago,17031,8183,9926,15,15,22,33
60677,Chicago,17031,8183,9926,15,15,22,33
60678,Chicago,17031,8183,9926,15,15,22,33
60682,Chicago,17031,8183,9926,15,15,22,33
60684,Chicago,17031,8183,9926,15,15,22,33
60685,Chicago,17031,8183,9926,15,15,22,33
60686,Chicago,17031,8183,9926,15,15,22,33
60687,Chicago,17031,8183,9926,15,15,22,33
60688,Chicago,17031,8183,9926,15,15,22,33
60689,Chicago,17031,8183,9926,15,15,22,33
60693,Chicago,17031,8183,9926,15,15,22,33
60694,Chicago,17031,8183,9926,15,15,22,33
60695,Chicago,17031,8183,9926,15,15,22,33
60696,Chicago,17031,8183,9926,15,15,22,33
60697,Chicago,17031,8183,9926,15,15,22,33
60699,Chicago,17031,8183,9926,15,15,22,33
60701,Chicago,17031,8183,9926,15,15,22,33
60706,Harwood Heights,17031,8183,23301,36,36,54,81
60707,Elmwood Park,17031,8183,43019,67,67,100,150
60712,Lincolnwood,17031,8183,12539,19,19,28,42
60714,Niles,17031,8183,29743,46,46,69,103
60803,Alsip,17031,8183,22390,35,35,52,78
60804,Cicero,17031,8183,83147,129,129,193,289
60805,Evergreen Park,17031,8183,19666,31,31,46,69
60827,Riverdale,17031,8183,28577,44,44,66,99
62413,Annapolis,17033,14,4136,3,3,4,6
62433,Hutsonville,17033,14,927,1,1,1,1
62442,Martinsville,17033,14,2814,2,2,3,4
62451,Palestine,17033,14,2041,1,1,1,1
62454,Robinson,17033,14,11088,7,7,10,15
62478,West York,17033,14,389,0,0,0,0
62428,Greenup,17035,7,2803,2,2,3,4
62440,Lerna,17035,7,1315,1,1,1,1
62468,Toledo,17035,7,2514,2,2,3,4
62469,Trilla,17035,7,2514,2,2,3,4
60111,Clare,17037,98,150,0,0,0,0
60112,Cortland,17037,98,4356,3,3,4,6
60115,Dekalb,17037,98,45325,29,29,43,64
60116,Carol Stream,17037,98,45325,29,29,43,64
60117,Bloomingdale,17037,98,45325,29,29,43,64
60145,Kingston,17037,98,2673,2,2,3,4
60150,Malta,17037,98,1692,1,1,1,1
60520,Hinckley,17037,98,2810,2,2,3,4
60550,Shabbona,17037,98,1454,1,1,1,1
60556,Waterman,17037,98,2029,1,1,1,1
61727,Clinton,17039,14,9826,5,5,7,10
61735,Dewitt,17039,14,454,0,0,0,0
61777,Wapella,17039,14,1348,1,1,1,1
61778,Waynesville,17039,14,691,0,0,0,0
61790,Normal,17039,14,691,0,0,0,0
61791,Bloomington,17039,14,691,0,0,0,0
61799,Bloomington,17039,14,691,0,0,0,0
61852,Longview,17041,14,221,0,0,0,0
61872,Sadorus,17041,14,898,0,0,0,0
61910,Arcola,17041,14,4225,2,2,3,4
61919,Camargo,17041,14,942,0,0,0,0
61930,Hindsboro,17041,14,745,0,0,0,0
61953,Tuscola,17041,14,6067,3,3,4,6
61956,Villa Grove,17041,14,2709,1,1,1,1
60101,Addison,17043,1183,39216,51,51,76,114
60103,Bartlett,17043,1183,42196,55,55,82,123
60106,Bensenville,17043,1183,20462,27,27,40,60
60108,Bloomingdale,17043,1183,22766,30,30,45,67
60126,Elmhurst,17043,1183,48410,63,63,94,141
60128,Carol Stream,17043,1183,48410,63,63,94,141
60133,Hanover Park,17043,1183,38400,50,50,75,112
60137,Glen Ellyn,17043,1183,38279,50,50,75,112
60139,Glendale Heights,17043,1183,34364,45,45,67,100
60143,Itasca,17043,1183,10996,14,14,21,31
60148,Lombard,17043,1183,52963,69,69,103,154
60157,Medinah,17043,1183,2502,3,3,4,6
60172,Roselle,17043,1183,24551,32,32,48,72
60181,Villa Park,17043,1183,28801,37,37,55,82
60187,Wheaton,17043,1183,29708,39,39,58,87
60188,Carol Stream,17043,1183,42602,55,55,82,123
60189,Wheaton,17043,1183,30427,40,40,60,90
60190,Winfield,17043,1183,11143,15,15,22,33
60191,Wood Dale,17043,1183,14147,18,18,27,40
60514,Clarendon Hills,17043,1183,10109,13,13,19,28
60515,Downers Grove,17043,1183,28566,37,37,55,82
60516,Downers Grove,17043,1183,29268,38,38,57,85
60517,Woodridge,17043,1183,32328,42,42,63,94
60521,Hinsdale,17043,1183,18402,24,24,36,54
60523,Oak Brook,17043,1183,10136,13,13,19,28
60527,Willowbrook,17043,1183,27903,36,36,54,81
60532,Lisle,17043,1183,28178,37,37,55,82
60540,Naperville,17043,1183,45112,59,59,88,132
60555,Warrenville,17043,1183,13448,18,18,27,40
60559,Westmont,17043,1183,24529,32,32,48,72
60561,Darien,17043,1183,23163,30,30,45,67
60563,Naperville,17043,1183,37409,49,49,73,109
61917,Brocton,17045,14,771,0,0,0,0
61924,Chrisman,17045,14,2258,1,1,1,1
61932,Hume,17045,14,439,0,0,0,0
61933,Kansas,17045,14,901,0,0,0,0
61940,Metcalf,17045,14,21840,6,6,9,13
61942,Newman,17045,14,1045,0,0,0,0
61943,Oakland,17045,14,1660,0,0,0,0
61944,Paris,17045,14,12259,4,4,6,9
62423,Dennison,17045,14,485,0,0,0,0
62441,Marshall,17045,14,6786,2,2,3,4
62806,Albion,17047,7,3351,6,6,9,13
62815,Bone Gap,17047,7,287,1,1,1,1
62443,Mason,17049,14,1678,4,4,6,9
62473,Watson,17049,14,1443,3,3,4,6
62858,Louisville,17049,14,2790,7,7,10,15
62011,Bingham,17051,14,172,0,0,0,0
62253,Keyesport,17051,14,583,0,0,0,0
62262,Mulberry Grove,17051,14,1503,1,1,1,1
62411,Altamont,17051,14,4136,3,3,4,6
62418,Brownstown,17051,14,2108,1,1,1,1
62426,Edgewood,17051,14,873,1,1,1,1
62458,Saint Elmo,17051,14,1979,1,1,1,1
62471,Vandalia,17051,14,10363,6,6,9,13
62880,Saint Peter,17051,14,706,0,0,0,0
62885,Shobonier,17051,14,722,0,0,0,0
60949,Ludlow,17053,21,535,1,1,1,1
60957,Paxton,17053,21,5288,6,6,9,13
60962,Roberts,17053,21,725,1,1,1,1
61773,Sibley,17053,21,413,0,0,0,0
61845,Foosland,17053,21,715,1,1,1,1
62812,Benton,17055,14,10905,6,6,9,13
62819,Buckner,17055,14,408,0,0,0,0
62822,Christopher,17055,14,3091,2,2,3,4
62836,Ewing,17055,14,800,0,0,0,0
62865,Mulkeytown,17055,14,1977,1,1,1,1
62874,Orient,17055,14,415,0,0,0,0
62884,Sesser,17055,14,2716,2,2,3,4
62897,Whittington,17055,14,362,0,0,0,0
62983,Royalton,17055,14,1411,1,1,1,1
62999,Zeigler,17055,14,1794,1,1,1,1
61427,Cuba,17057,14,2192,1,1,1,1
61431,Ellisville,17057,14,296,0,0,0,0
61432,Fairview,17057,14,658,0,0,0,0
61441,Ipava,17057,14,1001,1,1,1,1
61477,Smithfield,17057,14,573,0,0,0,0
61501,Astoria,17057,14,1534,1,1,1,1
61520,Canton,17057,14,16806,9,9,13,19
61542,Lewistown,17057,14,3628,2,2,3,4
62871,Omaha,17059,7,579,0,0,0,0
62954,Junction,17059,7,313,0,0,0,0
62979,Ridgway,17059,7,1134,0,0,0,0
62984,Shawneetown,17059,7,1643,0,0,0,0
62016,Carrollton,17061,7,3674,0,0,0,0
62027,Eldred,17061,7,34313,4,4,6,9
62050,Hillview,17061,7,8946,1,1,1,1
62081,Rockbridge,17061,7,2433,0,0,0,0
62092,White Hall,17061,7,2932,0,0,0,0
60437,Kinsman,17063,77,18945,39,39,58,87
60444,Mazon,17063,77,1721,4,4,6,9
60479,Verona,17063,77,17112,35,35,52,78
62817,Broughton,17065,14,1198,2,2,3,4
62828,Dahlgren,17065,14,1334,2,2,3,4
62859,Mc Leansboro,17065,14,5829,9,9,13,19
62860,Macedonia,17065,14,546,1,1,1,1
62313,Basco,17067,7,378,0,0,0,0
62316,Bowen,17067,7,545,0,0,0,0
62321,Carthage,17067,7,3845,2,2,3,4
62341,Hamilton,17067,7,3454,2,2,3,4
62349,Loraine,17067,7,166,0,0,0,0
62351,Mendon,17067,7,1879,1,1,1,1
62354,Nauvoo,17067,7,1592,1,1,1,1
62358,Niota,17067,7,884,0,0,0,0
62373,Sutter,17067,7,294,0,0,0,0
62379,Warsaw,17067,7,1725,1,1,1,1
62380,West Point,17067,7,488,0,0,0,0
62919,Cave In Rock,17069,7,1052,2,2,3,4
62931,Elizabethtown,17069,7,1445,3,3,4,6
62982,Rosiclare,17069,7,960,2,2,3,4
61418,Biggsville,17071,7,542,0,0,0,0
61425,Carman,17071,7,135,0,0,0,0
61437,Gladstone,17071,7,972,1,1,1,1
61454,Lomax,17071,7,500,0,0,0,0
61460,Media,17071,7,322,0,0,0,0
61469,Oquawka,17071,7,2248,2,2,3,4
61480,Stronghurst,17071,7,1210,1,1,1,1
62330,Dallas City,17071,7,1746,2,2,3,4
61234,Annawan,17073,21,1267,1,1,1,1
61235,Atkinson,17073,21,1519,1,1,1,1
61238,Cambridge,17073,21,3534,2,2,3,4
61241,Colona,17073,21,6827,5,5,7,10
61254,Geneseo,17073,21,11004,8,8,12,18
61258,Hooppole,17073,21,236,0,0,0,0
61274,Osco,17073,21,3243,2,2,3,4
61344,Mineral,17073,21,376,0,0,0,0
61361,Sheffield,17073,21,1117,1,1,1,1
61413,Alpha,17073,21,906,1,1,1,1
61468,Ophiem,17073,21,81,0,0,0,0
60911,Ashkum,17075,14,1308,1,1,1,1
60912,Beaverville,17075,14,521,0,0,0,0
60918,Buckley,17075,14,777,0,0,0,0
60924,Cissna Park,17075,14,1485,1,1,1,1
60927,Clifton,17075,14,2106,1,1,1,1
60928,Crescent City,17075,14,2106,1,1,1,1
60930,Danforth,17075,14,925,0,0,0,0
60931,Donovan,17075,14,925,0,0,0,0
60938,Gilman,17075,14,1959,1,1,1,1
60948,Loda,17075,14,1496,1,1,1,1
60951,Martinton,17075,14,825,0,0,0,0
60953,Milford,17075,14,2449,1,1,1,1
60955,Onarga,17075,14,1614,1,1,1,1
60966,Sheldon,17075,14,1626,1,1,1,1
60968,Thawville,17075,14,335,0,0,0,0
60970,Watseka,17075,14,6948,3,3,4,6
60973,Wellington,17075,14,411,0,0,0,0
62903,Carbondale,17077,56,3211,8,8,12,18
62932,Elkville,17077,56,1498,4,4,6,9
62940,Gorham,17077,56,340,1,1,1,1
62942,Grand Tower,17077,56,558,1,1,1,1
62950,Jacob,17077,56,204,1,1,1,1
62966,Murphysboro,17077,56,15260,39,39,58,87
62975,Pomona,17077,56,325,1,1,1,1
62994,Vergennes,17077,56,625,2,2,3,4
62420,Casey,17079,14,4762,3,3,4,6
62424,Dieterich,17079,14,2445,2,2,3,4
62432,Hidalgo,17079,14,417,0,0,0,0
62434,Ingraham,17079,14,927,1,1,1,1
62436,Jewett,17079,14,697,0,0,0,0
62445,Montrose,17079,14,1290,1,1,1,1
62449,Oblong,17079,14,3118,2,2,3,4
62467,Teutopolis,17079,14,4281,3,3,4,6
62475,West Liberty,17079,14,1443,1,1,1,1
62479,Wheeler,17079,14,935,1,1,1,1
62480,Willow Hill,17079,14,470,0,0,0,0
62481,Yale,17079,14,430,0,0,0,0
62816,Bonnie,17081,14,1198,1,1,1,1
62846,Ina,17081,14,2704,1,1,1,1
62864,Mount Vernon,17081,14,23586,10,10,15,22
62872,Opdyke,17081,14,1067,0,0,0,0
62894,Waltonville,17081,14,1061,0,0,0,0
62898,Woodlawn,17081,14,2285,1,1,1,1
62022,Dow,17083,14,1060,1,1,1,1
62028,Elsah,17083,14,1279,1,1,1,1
62031,Fieldon,17083,14,149,0,0,0,0
62037,Grafton,17083,14,2205,1,1,1,1
62052,Jerseyville,17083,14,12292,6,6,9,13
62054,Kane,17083,14,12292,6,6,9,13
61001,Apple River,17085,7,1042,0,0,0,0
61025,East Dubuque,17085,7,4645,1,1,1,1
61028,Elizabeth,17085,7,2051,0,0,0,0
61036,Galena,17085,7,6620,2,2,3,4
61041,Hanover,17085,7,959,0,0,0,0
61053,Mount Carroll,17085,7,2612,1,1,1,1
61074,Savanna,17085,7,4188,1,1,1,1
61075,Scales Mound,17085,7,4188,1,1,1,1
61085,Stockton,17085,7,3629,1,1,1,1
62967,New Burnside,17087,7,15260,5,5,7,10
62995,Vienna,17087,7,5928,2,2,3,4
60110,Carpentersville,17089,847,39333,48,48,72,108
60118,Dundee,17089,847,15836,19,19,28,42
60119,Elburn,17089,847,10246,13,13,19,28
60120,Elgin,17089,847,50922,62,62,93,139
60122,Carol Stream,17089,847,50922,62,62,93,139
60123,Elgin,17089,847,48952,60,60,90,135
60124,Elgin,17089,847,22338,27,27,40,60
60134,Geneva,17089,847,29401,36,36,54,81
60136,Gilberts,17089,847,7742,9,9,13,19
60140,Hampshire,17089,847,17639,22,22,33,49
60151,Maple Park,17089,847,4024,5,5,7,10
60174,Saint Charles,17089,847,31405,38,38,57,85
60175,Saint Charles,17089,847,25734,31,31,46,69
60177,South Elgin,17089,847,23109,28,28,42,63
60178,Sycamore,17089,847,22413,27,27,40,60
60179,Hoffman Estates,17089,847,22413,27,27,40,60
60184,Wayne,17089,847,2357,3,3,4,6
60185,West Chicago,17089,847,36129,44,44,66,99
60502,Aurora,17089,847,22622,28,28,42,63
60505,Aurora,17089,847,77190,94,94,141,211
60506,Aurora,17089,847,54216,66,66,99,148
60510,Batavia,17089,847,29533,36,36,54,81
60511,Big Rock,17089,847,1932,2,2,3,4
60539,Mooseheart,17089,847,28451,35,35,52,78
60542,North Aurora,17089,847,18125,22,22,33,49
60424,Gardner,17091,70,2465,2,2,3,4
60901,Kankakee,17091,70,35509,25,25,37,55
60913,Bonfield,17091,70,1409,1,1,1,1
60914,Bourbonnais,17091,70,29969,21,21,31,46
60915,Bradley,17091,70,10121,7,7,10,15
60922,Chebanse,17091,70,2389,2,2,3,4
60935,Essex,17091,70,1210,1,1,1,1
60941,Herscher,17091,70,2180,2,2,3,4
60954,Momence,17091,70,5846,4,4,6,9
60958,Pembroke Township,17091,70,1784,1,1,1,1
60964,Saint Anne,17091,70,5070,4,4,6,9
60450,Morris,17093,399,20460,59,59,88,132
60504,Aurora,17093,399,38013,110,110,165,247
60512,Bristol,17093,399,1184,3,3,4,6
60538,Montgomery,17093,399,28451,82,82,123,184
60545,Plano,17093,399,13259,38,38,57,85
60554,Sugar Grove,17093,399,12166,35,35,52,78
60560,Yorkville,17093,399,24886,72,72,108,162
61414,Altona,17095,35,937,1,1,1,1
61428,Dahinda,17095,35,1022,1,1,1,1
61430,East Galesburg,17095,35,677,1,1,1,1
61436,Gilson,17095,35,650,1,1,1,1
61448,Knoxville,17095,35,3837,4,4,6,9
61458,Maquon,17095,35,20698,21,21,31,46
61467,Oneida,17095,35,1170,1,1,1,1
61472,Rio,17095,35,517,1,1,1,1
61485,Victoria,17095,35,447,0,0,0,0
61488,Wataga,17095,35,1040,1,1,1,1
61490,Woodhull,17095,35,1134,1,1,1,1
61544,London Mills,17095,35,590,1,1,1,1
61572,Yates City,17095,35,1191,1,1,1,1
60002,Antioch,17097,1540,24066,43,43,64,96
60015,Deerfield,17097,1540,27452,50,50,75,112
60020,Fox Lake,17097,1540,9827,18,18,27,40
60030,Grayslake,17097,1540,36817,66,66,99,148
60031,Gurnee,17097,1540,37172,67,67,100,150
60035,Highland Park,17097,1540,29734,54,54,81,121
60037,Fort Sheridan,17097,1540,29734,54,54,81,121
60038,Palatine,17097,1540,29734,54,54,81,121
60040,Highwood,17097,1540,5366,10,10,15,22
60041,Ingleside,17097,1540,8897,16,16,24,36
60044,Lake Bluff,17097,1540,10003,18,18,27,40
60045,Lake Forest,17097,1540,21131,38,38,57,85
60046,Lake Villa,17097,1540,35286,64,64,96,144
60047,Lake Zurich,17097,1540,42637,77,77,115,172
60048,Libertyville,17097,1540,29058,52,52,78,117
60060,Mundelein,17097,1540,37208,67,67,100,150
60061,Vernon Hills,17097,1540,27004,49,49,73,109
60064,North Chicago,17097,1540,15705,28,28,42,63
60069,Lincolnshire,17097,1540,8186,15,15,22,33
60073,Round Lake,17097,1540,61706,111,111,166,249
60074,Palatine,17097,1540,39478,71,71,106,159
60083,Wadsworth,17097,1540,9990,18,18,27,40
60084,Wauconda,17097,1540,16612,30,30,45,67
60085,Waukegan,17097,1540,70850,128,128,192,288
60086,North Chicago,17097,1540,70850,128,128,192,288
60087,Waukegan,17097,1540,26678,48,48,72,108
60088,Great Lakes,17097,1540,12662,23,23,34,51
60089,Buffalo Grove,17097,1540,41392,75,75,112,168
60096,Winthrop Harbor,17097,1540,6803,12,12,18,27
60099,Zion,17097,1540,30934,56,56,84,126
60470,Ransom,17099,35,497,0,0,0,0
60531,Leland,17099,35,1759,1,1,1,1
60541,Newark,17099,35,3660,1,1,1,1
60548,Sandwich,17099,35,12374,4,4,6,9
60549,Serena,17099,35,12374,4,4,6,9
60551,Sheridan,17099,35,5500,2,2,3,4
60552,Somonauk,17099,35,4401,2,2,3,4
61301,La Salle,17099,35,10088,4,4,6,9
61321,Dana,17099,35,724,0,0,0,0
61325,Grand Ridge,17099,35,1454,1,1,1,1
61341,Marseilles,17099,35,7999,3,3,4,6
61348,Oglesby,17099,35,4483,2,2,3,4
61350,Ottawa,17099,35,23835,9,9,13,19
61360,Seneca,17099,35,3678,1,1,1,1
61370,Tonica,17099,35,1393,1,1,1,1
61373,Utica,17099,35,2134,1,1,1,1
62417,Bridgeport,17101,14,3281,1,1,1,1
62427,Flat Rock,17101,14,1690,1,1,1,1
62439,Lawrenceville,17101,14,7166,3,3,4,6
60518,Earlville,17103,14,3543,1,1,1,1
60530,Lee,17103,14,484,0,0,0,0
60553,Steward,17103,14,701,0,0,0,0
61042,Harmon,17103,14,605,0,0,0,0
61310,Amboy,17103,14,3748,1,1,1,1
61318,Compton,17103,14,845,0,0,0,0
61330,La Moille,17103,14,1437,1,1,1,1
61342,Mendota,17103,14,8763,3,3,4,6
61349,Ohio,17103,14,863,0,0,0,0
61353,Paw Paw,17103,14,1201,0,0,0,0
61367,Sublette,17103,14,739,0,0,0,0
61376,Walnut,17103,14,2118,1,1,1,1
61378,West Brooklyn,17103,14,333,0,0,0,0
60420,Dwight,17105,35,4812,3,3,4,6
60460,Odell,17105,35,1333,1,1,1,1
60917,Buckingham,17105,35,529,0,0,0,0
60919,Cabery,17105,35,777,0,0,0,0
60921,Chatsworth,17105,35,1517,1,1,1,1
60929,Cullom,17105,35,2106,1,1,1,1
60934,Emington,17105,35,925,1,1,1,1
60946,Kempton,17105,35,175,0,0,0,0
60952,Melvin,17105,35,686,0,0,0,0
60959,Piper City,17105,35,1060,1,1,1,1
60961,Reddick,17105,35,725,0,0,0,0
61311,Ancona,17105,35,3748,2,2,3,4
61313,Blackstone,17105,35,511,0,0,0,0
61319,Cornell,17105,35,1434,1,1,1,1
61333,Long Point,17105,35,1437,1,1,1,1
61364,Streator,17105,35,19054,11,11,16,24
61740,Flanagan,17105,35,1536,1,1,1,1
61741,Forrest,17105,35,1703,1,1,1,1
61743,Graymont,17105,35,205,0,0,0,0
61764,Pontiac,17105,35,14026,8,8,12,18
61769,Saunemin,17105,35,621,0,0,0,0
61775,Strawn,17105,35,1120,1,1,1,1
62512,Beason,17107,21,446,0,0,0,0
62518,Chestnut,17107,21,176,0,0,0,0
62634,Elkhart,17107,21,566,0,0,0,0
62643,Hartsburg,17107,21,1479,1,1,1,1
62656,Lincoln,17107,21,19535,10,10,15,22
62659,Lincolns New Salem,17107,21,19535,10,10,15,22
61411,Adair,17109,56,444,1,1,1,1
61420,Blandinsville,17109,56,1121,2,2,3,4
61422,Bushnell,17109,56,3164,5,5,7,10
61438,Good Hope,17109,56,917,1,1,1,1
61450,La Harpe,17109,56,1787,3,3,4,6
61455,Macomb,17109,56,20698,33,33,49,73
61459,Marietta,17109,56,385,1,1,1,1
61470,Prairie City,17109,56,2248,4,4,6,9
61482,Table Grove,17109,56,1210,2,2,3,4
62326,Colchester,17109,56,2337,4,4,6,9
62374,Tennessee,17109,56,294,0,0,0,0
60010,Barrington,17111,385,46087,46,46,69,103
60012,Crystal Lake,17111,385,10958,11,11,16,24
60013,Cary,17111,385,25827,26,26,39,58
60014,Crystal Lake,17111,385,48443,48,48,72,108
60021,Fox River Grove,17111,385,5548,6,6,9,13
60033,Harvard,17111,385,13681,14,14,21,31
60034,Hebron,17111,385,2077,2,2,3,4
60042,Island Lake,17111,385,8420,8,8,12,18
60050,McHenry,17111,385,32732,33,33,49,73
60051,McHenry,17111,385,23298,23,23,34,51
60071,Richmond,17111,385,3581,4,4,6,9
60072,Ringwood,17111,385,1021,1,1,1,1
60081,Spring Grove,17111,385,9660,10,10,15,22
60097,Wonder Lake,17111,385,10826,11,11,16,24
60098,Woodstock,17111,385,32526,32,32,48,72
60102,Algonquin,17111,385,32739,33,33,49,73
60135,Genoa,17111,385,6906,7,7,10,15
60142,Huntley,17111,385,28121,28,28,42,63
60152,Marengo,17111,385,12345,12,12,18,27
60156,Lake In The Hills,17111,385,28886,29,29,43,64
60180,Union,17111,385,2077,2,2,3,4
61038,Garden Prairie,17111,385,1149,1,1,1,1
60936,Gibson City,17113,154,4103,3,3,4,6
61701,Bloomington,17113,154,35783,25,25,37,55
61704,Bloomington,17113,154,37204,26,26,39,58
61705,Bloomington,17113,154,12971,9,9,13,19
61709,Bloomington,17113,154,12971,9,9,13,19
61710,Bloomington,17113,154,12971,9,9,13,19
61720,Anchor,17113,154,12971,9,9,13,19
61722,Arrowsmith,17113,154,478,0,0,0,0
61723,Atlanta,17113,154,2595,2,2,3,4
61724,Bellflower,17113,154,2595,2,2,3,4
61726,Chenoa,17113,154,2427,2,2,3,4
61728,Colfax,17113,154,1311,1,1,1,1
61730,Cooksville,17113,154,301,0,0,0,0
61731,Cropsey,17113,154,194,0,0,0,0
61736,Downs,17113,154,1750,1,1,1,1
61737,Ellsworth,17113,154,476,0,0,0,0
61739,Fairbury,17113,154,4577,3,3,4,6
61745,Heyworth,17113,154,4614,3,3,4,6
61752,Le Roy,17113,154,4389,3,3,4,6
61753,Lexington,17113,154,3058,2,2,3,4
61754,Mc Lean,17113,154,1063,1,1,1,1
61761,Normal,17113,154,55222,38,38,57,85
61770,Saybrook,17113,154,1138,1,1,1,1
61772,Shirley,17113,154,1138,1,1,1,1
61774,Stanford,17113,154,1120,1,1,1,1
61776,Towanda,17113,154,1348,1,1,1,1
61843,Fisher,17113,154,2368,2,2,3,4
61749,Kenney,17115,105,2720,3,3,4,6
61756,Maroa,17115,105,2413,2,2,3,4
61882,Weldon,17115,105,694,1,1,1,1
62501,Argenta,17115,105,2863,3,3,4,6
62513,Blue Mound,17115,105,1767,2,2,3,4
62521,Decatur,17115,105,35529,33,33,49,73
62522,Decatur,17115,105,15261,14,14,21,31
62523,Decatur,17115,105,1439,1,1,1,1
62526,Decatur,17115,105,32303,30,30,45,67
62535,Forsyth,17115,105,3003,3,3,4,6
62543,Latham,17115,105,531,0,0,0,0
62544,Macon,17115,105,1597,1,1,1,1
62547,Mount Auburn,17115,105,926,1,1,1,1
62549,Mt Zion,17115,105,6264,6,6,9,13
62551,Niantic,17115,105,2778,3,3,4,6
62554,Oreana,17115,105,1311,1,1,1,1
62573,Warrensburg,17115,105,1912,2,2,3,4
62009,Benld,17117,14,1814,1,1,1,1
62014,Bunker Hill,17117,14,4131,2,2,3,4
62033,Gillespie,17117,14,4515,2,2,3,4
62044,Greenfield,17117,14,2094,1,1,1,1
62063,Medora,17117,14,1082,1,1,1,1
62079,Piasa,17117,14,244,0,0,0,0
62626,Carlinville,17117,14,7710,4,4,6,9
62630,Chesterfield,17117,14,365,0,0,0,0
62649,Hettick,17117,14,604,0,0,0,0
62674,Palmyra,17117,14,1398,1,1,1,1
62685,Shipman,17117,14,2416,1,1,1,1
62001,Alhambra,17119,112,1796,1,1,1,1
62002,Alton,17119,112,31059,13,13,19,28
62010,Bethalto,17119,112,11357,5,5,7,10
62012,Brighton,17119,112,6426,3,3,4,6
62018,Cottage Hills,17119,112,3034,1,1,1,1
62021,Dorsey,17119,112,920,0,0,0,0
62024,East Alton,17119,112,9916,4,4,6,9
62025,Edwardsville,17119,112,34313,14,14,21,31
62026,Edwardsville,17119,112,34313,14,14,21,31
62034,Glen Carbon,17119,112,13667,6,6,9,13
62035,Godfrey,17119,112,16520,7,7,10,15
62040,Granite City,17119,112,42447,18,18,27,40
62048,Hartford,17119,112,1829,1,1,1,1
62060,Madison,17119,112,4586,2,2,3,4
62061,Marine,17119,112,1671,1,1,1,1
62062,Maryville,17119,112,8008,3,3,4,6
62067,Moro,17119,112,2755,1,1,1,1
62084,Roxana,17119,112,1464,1,1,1,1
62087,South Roxana,17119,112,2172,1,1,1,1
62088,Staunton,17119,112,6569,3,3,4,6
62090,Venice,17119,112,1293,1,1,1,1
62095,Wood River,17119,112,10455,4,4,6,9
62097,Worden,17119,112,3064,1,1,1,1
62249,Highland,17119,112,15507,6,6,9,13
62275,Pocahontas,17119,112,3705,2,2,3,4
62281,Saint Jacob,17119,112,2712,1,1,1,1
62807,Alma,17121,21,702,1,1,1,1
62830,Dix,17121,21,1245,1,1,1,1
62838,Farina,17121,21,1816,1,1,1,1
62849,Iuka,17121,21,2100,2,2,3,4
62853,Kell,17121,21,987,1,1,1,1
62854,Kinmundy,17121,21,1716,1,1,1,1
62870,Odin,17121,21,2090,2,2,3,4
62875,Patoka,17121,21,1253,1,1,1,1
62881,Salem,17121,21,10842,8,8,12,18
62882,Sandoval,17121,21,2387,2,2,3,4
62889,Texico,17121,21,938,1,1,1,1
62892,Vernon,17121,21,374,0,0,0,0
62893,Walnut Hill,17121,21,374,0,0,0,0
61358,Rutland,17123,7,10680,2,2,3,4
61369,Toluca,17123,7,1656,0,0,0,0
61375,Varna,17123,7,1157,0,0,0,0
61377,Wenona,17123,7,1421,0,0,0,0
61537,Henry,17123,7,2754,0,0,0,0
61540,Lacon,17123,7,2770,0,0,0,0
61532,Forest City,17125,7,3335,1,1,1,1
61567,Topeka,17125,7,540,0,0,0,0
62617,Bath,17125,7,5712,1,1,1,1
62627,Chandlerville,17125,7,1029,0,0,0,0
62633,Easton,17125,7,566,0,0,0,0
62644,Havana,17125,7,4946,1,1,1,1
62655,Kilbourne,17125,7,460,0,0,0,0
62664,Mason City,17125,7,3061,1,1,1,1
62671,New Holland,17125,7,487,0,0,0,0
62908,Belknap,17127,21,496,1,1,1,1
62909,Boles,17127,21,496,1,1,1,1
62642,Greenview,17129,14,1479,2,2,3,4
62666,Middletown,17129,14,613,1,1,1,1
62673,Oakford,17129,14,487,1,1,1,1
62675,Petersburg,17129,14,5869,8,8,12,18
62688,Tallula,17129,14,602,1,1,1,1
61231,Aledo,17131,7,5213,3,3,4,6
61262,Lynn Center,17131,7,1123,1,1,1,1
61442,Keithsburg,17131,7,708,0,0,0,0
61465,New Windsor,17131,7,1161,1,1,1,1
61466,North Henderson,17131,7,1161,1,1,1,1
61476,Seaton,17131,7,292,0,0,0,0
61486,Viola,17131,7,1469,1,1,1,1
62244,Fults,17133,70,5795,55,55,82,123
62295,Valmeyer,17133,70,1547,15,15,22,33
62015,Butler,17135,21,635,0,0,0,0
62017,Coffeen,17135,21,3674,1,1,1,1
62019,Donnellson,17135,21,3034,1,1,1,1
62032,Fillmore,17135,21,149,0,0,0,0
62049,Hillsboro,17135,21,8946,4,4,6,9
62051,Irving,17135,21,585,0,0,0,0
62056,Litchfield,17135,21,8574,3,3,4,6
62069,Mount Olive,17135,21,3088,1,1,1,1
62074,New Douglas,17135,21,1333,1,1,1,1
62075,Nokomis,17135,21,3662,1,1,1,1
62080,Ramsey,17135,21,2433,1,1,1,1
62083,Rosamond,17135,21,2746,1,1,1,1
62086,Sorento,17135,21,1263,1,1,1,1
62091,Walshville,17135,21,380,0,0,0,0
62094,Witt,17135,21,1148,0,0,0,0
62533,Farmersville,17135,21,778,0,0,0,0
62538,Harvel,17135,21,3003,1,1,1,1
62546,Morrisonville,17135,21,1624,1,1,1,1
62560,Raymond,17135,21,1196,0,0,0,0
62572,Waggoner,17135,21,516,0,0,0,0
62640,Girard,17135,21,3583,1,1,1,1
62601,Alexander,17137,28,353,2,2,3,4
62611,Arenzville,17137,28,1115,6,6,9,13
62612,Ashland,17137,28,1799,9,9,13,19
62631,Concord,17137,28,365,2,2,3,4
62638,Franklin,17137,28,1364,7,7,10,15
62667,Modesto,17137,28,613,3,3,4,6
61911,Arthur,17139,14,5071,4,4,6,9
61925,Dalton City,17139,14,670,1,1,1,1
61937,Lovington,17139,14,2132,2,2,3,4
61951,Sullivan,17139,14,7956,7,7,10,15
60129,Esmond,17141,21,260,0,0,0,0
61006,Ashton,17141,21,1905,1,1,1,1
61010,Byron,17141,21,7805,3,3,4,6
61015,Chana,17141,21,1107,0,0,0,0
61021,Dixon,17141,21,23031,7,7,10,15
61030,Forreston,17141,21,2302,1,1,1,1
61031,Franklin Grove,17141,21,1541,0,0,0,0
61049,Lindenwood,17141,21,560,0,0,0,0
61051,Milledgeville,17141,21,1688,1,1,1,1
61052,Monroe Center,17141,21,821,0,0,0,0
61054,Mount Morris,17141,21,3674,1,1,1,1
61061,Oregon,17141,21,6382,2,2,3,4
61068,Rochelle,17141,21,14289,5,5,7,10
61489,Williamsfield,17143,119,1040,1,1,1,1
61517,Brimfield,17143,119,3274,2,2,3,4
61523,Chillicothe,17143,119,11191,7,7,10,15
61525,Dunlap,17143,119,9188,5,5,7,10
61526,Edelstein,17143,119,9188,5,5,7,10
61528,Edwards,17143,119,3127,2,2,3,4
61529,Elmwood,17143,119,2699,2,2,3,4
61531,Farmington,17143,119,3335,2,2,3,4
61533,Glasford,17143,119,2509,1,1,1,1
61536,Hanna City,17143,119,2918,2,2,3,4
61547,Mapleton,17143,119,4138,2,2,3,4
61565,Sparland,17143,119,1448,1,1,1,1
61569,Trivoli,17143,119,1184,1,1,1,1
61602,Peoria,17143,119,877,1,1,1,1
61603,Peoria,17143,119,16655,10,10,15,22
61604,Peoria,17143,119,30582,18,18,27,40
61605,Peoria,17143,119,15713,9,9,13,19
61606,Peoria,17143,119,7870,5,5,7,10
61607,Peoria,17143,119,10673,6,6,9,13
61614,Peoria,17143,119,28012,17,17,25,37
61615,Peoria,17143,119,23168,14,14,21,31
61616,Peoria Heights,17143,119,5910,4,4,6,9
61625,Peoria,17143,119,370,0,0,0,0
61629,Peoria,17143,119,370,0,0,0,0
61630,Peoria,17143,119,370,0,0,0,0
61633,Peoria,17143,119,370,0,0,0,0
61634,Peoria,17143,119,370,0,0,0,0
61635,East Peoria,17143,119,370,0,0,0,0
61636,Peoria,17143,119,370,0,0,0,0
61637,Peoria,17143,119,370,0,0,0,0
61638,Peoria,17143,119,370,0,0,0,0
61639,Peoria,17143,119,370,0,0,0,0
61641,Peoria,17143,119,370,0,0,0,0
61643,Peoria,17143,119,370,0,0,0,0
62238,Cutler,17145,21,619,1,1,1,1
62274,Pinckneyville,17145,21,7857,8,8,12,18
62832,Du Quoin,17145,21,8848,9,9,13,19
62883,Scheller,17145,21,899,1,1,1,1
62888,Tamaroa,17145,21,1984,2,2,3,4
61813,Bement,17147,14,1656,1,1,1,1
61818,Cerro Gordo,17147,14,1712,1,1,1,1
61830,Cisco,17147,14,337,0,0,0,0
61839,De Land,17147,14,8778,3,3,4,6
61842,Farmer City,17147,14,2727,1,1,1,1
61851,Ivesdale,17147,14,295,0,0,0,0
61853,Mahomet,17147,14,13981,5,5,7,10
61854,Mansfield,17147,14,1197,0,0,0,0
61855,Milmine,17147,14,104,0,0,0,0
61856,Monticello,17147,14,7884,3,3,4,6
61884,White Heath,17147,14,1124,0,0,0,0
61913,Atwood,17147,14,1463,0,0,0,0
61929,Hammond,17147,14,683,0,0,0,0
62312,Barry,17149,7,1933,1,1,1,1
62314,Baylis,17149,7,524,1,1,1,1
62323,Chambersburg,17149,7,268,1,1,1,1
62340,Griggsville,17149,7,1894,1,1,1,1
62343,Hull,17149,7,948,1,1,1,1
62345,Kinderhook,17149,7,391,1,1,1,1
62355,Nebo,17149,7,754,1,1,1,1
62356,New Canton,17149,7,465,1,1,1,1
62357,New Salem,17149,7,465,1,1,1,1
62361,Pearl,17149,7,522,1,1,1,1
62363,Pittsfield,17149,7,5758,3,3,4,6
62366,Pleasant Hill,17149,7,1589,1,1,1,1
62370,Rockport,17149,7,234,1,1,1,1
62910,Brookport,17151,7,2365,4,4,6,9
62928,Eddyville,17151,7,2402,5,5,7,10
62938,Golconda,17151,7,3027,6,6,9,13
62943,Grantsburg,17151,7,360,1,1,1,1
62960,Metropolis,17151,7,10959,19,19,28,42
62972,Ozark,17151,7,1039,2,2,3,4
62985,Simpson,17151,7,1643,3,3,4,6
62941,Grand Chain,17153,7,895,2,2,3,4
62956,Karnak,17153,7,911,2,2,3,4
62963,Mound City,17153,7,9,1,1,1,1
62964,Mounds,17153,7,1291,2,2,3,4
62970,Olmsted,17153,7,398,1,1,1,1
62976,Pulaski,17153,7,361,1,1,1,1
62992,Ullin,17153,7,1570,3,3,4,6
62996,Villa Ridge,17153,7,464,1,1,1,1
61326,Granville,17155,7,2297,3,3,4,6
61327,Hennepin,17155,7,1326,2,2,3,4
61334,Lostant,17155,7,1437,2,2,3,4
61335,Mc Nabb,17155,7,441,1,1,1,1
61336,Magnolia,17155,7,569,1,1,1,1
61354,Peru,17155,7,10589,13,13,19,28
61560,Putnam,17155,7,3263,4,4,6,9
62217,Baldwin,17157,21,748,1,1,1,1
62233,Chester,17157,21,9680,7,7,10,15
62241,Ellis Grove,17157,21,989,1,1,1,1
62242,Evansville,17157,21,1445,1,1,1,1
62261,Modoc,17157,21,64,1,1,1,1
62272,Percy,17157,21,1741,2,2,3,4
62277,Prairie Du Rocher,17157,21,1363,1,1,1,1
62278,Red Bud,17157,21,6543,5,5,7,10
62280,Rockwood,17157,21,7,1,1,1,1
62286,Sparta,17157,21,6110,5,5,7,10
62288,Steeleville,17157,21,3094,3,3,4,6
62297,Walsh,17157,21,251,1,1,1,1
62907,Ava,17157,21,1995,2,2,3,4
62916,Campbell Hill,17157,21,425,1,1,1,1
62419,Calhoun,17159,21,2108,3,3,4,6
62421,Claremont,17159,21,660,1,1,1,1
62425,Dundas,17159,21,502,1,1,1,1
62448,Newton,17159,21,5565,8,8,12,18
62452,Parkersburg,17159,21,421,1,1,1,1
62466,Sumner,17159,21,4598,7,7,10,15
61201,Rock Island,17161,105,38385,26,26,39,58
61232,Andalusia,17161,105,1229,1,1,1,1
61239,Carbon Cliff,17161,105,1239,1,1,1,1
61240,Coal Valley,17161,105,6138,4,4,6,9
61242,Cordova,17161,105,1208,1,1,1,1
61244,East Moline,17161,105,23679,16,16,24,36
61256,Hampton,17161,105,1962,1,1,1,1
61257,Hillsdale,17161,105,1198,1,1,1,1
61259,Illinois City,17161,105,1283,1,1,1,1
61260,Joy,17161,105,1062,1,1,1,1
61264,Milan,17161,105,10621,7,7,10,15
61265,Moline,17161,105,43706,29,29,43,64
61272,New Boston,17161,105,1198,1,1,1,1
61273,Orion,17161,105,3243,2,2,3,4
61275,Port Byron,17161,105,4750,3,3,4,6
61279,Reynolds,17161,105,3245,2,2,3,4
61281,Sherrard,17161,105,2394,2,2,3,4
61282,Silvis,17161,105,7820,5,5,7,10
61284,Taylor Ridge,17161,105,2110,1,1,1,1
62201,East Saint Louis,17163,287,7570,6,6,9,13
62203,East Saint Louis,17163,287,8264,7,7,10,15
62204,East Saint Louis,17163,287,7954,7,7,10,15
62205,East Saint Louis,17163,287,8007,7,7,10,15
62206,East Saint Louis,17163,287,15121,13,13,19,28
62207,East Saint Louis,17163,287,8913,8,8,12,18
62208,Fairview Heights,17163,287,16516,14,14,21,31
62220,Belleville,17163,287,18302,15,15,22,33
62221,Belleville,17163,287,29949,25,25,37,55
62223,Belleville,17163,287,16309,14,14,21,31
62225,Scott Air Force Base,17163,287,5128,4,4,6,9
62226,Belleville,17163,287,28666,24,24,36,54
62232,Caseyville,17163,287,6705,6,6,9,13
62234,Collinsville,17163,287,32426,27,27,40,60
62236,Columbia,17163,287,13757,12,12,18,27
62239,Dupo,17163,287,4715,4,4,6,9
62240,East Carondelet,17163,287,1727,1,1,1,1
62243,Freeburg,17163,287,5795,5,5,7,10
62254,Lebanon,17163,287,6292,5,5,7,10
62255,Lenzburg,17163,287,1279,1,1,1,1
62258,Mascoutah,17163,287,9253,8,8,12,18
62260,Millstadt,17163,287,7405,6,6,9,13
62264,New Athens,17163,287,3745,3,3,4,6
62265,New Baden,17163,287,4391,4,4,6,9
62269,O Fallon,17163,287,32029,27,27,40,60
62285,Smithton,17163,287,4436,4,4,6,9
62293,Trenton,17163,287,4427,4,4,6,9
62294,Troy,17163,287,14117,12,12,18,27
62298,Waterloo,17163,287,16608,14,14,21,31
62930,Eldorado,17165,28,6074,8,8,12,18
62934,Equality,17165,28,902,1,1,1,1
62935,Galatia,17165,28,1799,2,2,3,4
62946,Harrisburg,17165,28,12662,16,16,24,36
62947,Herod,17165,28,449,1,1,1,1
62977,Raleigh,17165,28,744,1,1,1,1
62515,Buffalo,17167,161,1010,0,0,0,0
62520,Dawson,17167,161,1637,1,1,1,1
62530,Divernon,17167,161,1458,0,0,0,0
62536,Glenarm,17167,161,3003,1,1,1,1
62539,Illiopolis,17167,161,1297,0,0,0,0
62545,Mechanicsburg,17167,161,1169,0,0,0,0
62548,Mount Pulaski,17167,161,2514,1,1,1,1
62558,Pawnee,17167,161,3347,1,1,1,1
62561,Riverton,17167,161,5350,2,2,3,4
62563,Rochester,17167,161,5689,2,2,3,4
62613,Athens,17167,161,3886,1,1,1,1
62615,Auburn,17167,161,5712,2,2,3,4
62625,Cantrall,17167,161,822,0,0,0,0
62629,Chatham,17167,161,13736,5,5,7,10
62661,Loami,17167,161,1537,1,1,1,1
62670,New Berlin,17167,161,2883,1,1,1,1
62677,Pleasant Plains,17167,161,2269,1,1,1,1
62684,Sherman,17167,161,5861,2,2,3,4
62690,Virden,17167,161,3991,1,1,1,1
62692,Waverly,17167,161,2122,1,1,1,1
62693,Williamsville,17167,161,1510,0,0,0,0
62701,Springfield,17167,161,1206,0,0,0,0
62702,Springfield,17167,161,34051,11,11,16,24
62703,Springfield,17167,161,30910,10,10,15,22
62704,Springfield,17167,161,40828,13,13,19,28
62706,Springfield,17167,161,40828,13,13,19,28
62707,Springfield,17167,161,6924,2,2,3,4
62711,Springfield,17167,161,16752,6,6,9,13
62712,Springfield,17167,161,10243,3,3,4,6
62715,Springfield,17167,161,10243,3,3,4,6
62716,Springfield,17167,161,10243,3,3,4,6
62719,Springfield,17167,161,10243,3,3,4,6
62722,Springfield,17167,161,10243,3,3,4,6
62723,Springfield,17167,161,10243,3,3,4,6
62726,Springfield,17167,161,10243,3,3,4,6
62736,Springfield,17167,161,10243,3,3,4,6
62739,Springfield,17167,161,10243,3,3,4,6
62756,Springfield,17167,161,10243,3,3,4,6
62757,Springfield,17167,161,10243,3,3,4,6
62761,Springfield,17167,161,10243,3,3,4,6
62762,Springfield,17167,161,10243,3,3,4,6
62763,Springfield,17167,161,10243,3,3,4,6
62764,Springfield,17167,161,10243,3,3,4,6
62765,Springfield,17167,161,10243,3,3,4,6
62766,Springfield,17167,161,10243,3,3,4,6
62767,Springfield,17167,161,10243,3,3,4,6
62769,Springfield,17167,161,10243,3,3,4,6
62776,Springfield,17167,161,10243,3,3,4,6
62777,Springfield,17167,161,10243,3,3,4,6
62781,Springfield,17167,161,10243,3,3,4,6
62786,Springfield,17167,161,10243,3,3,4,6
62796,Springfield,17167,161,10243,3,3,4,6
61440,Industry,17169,14,242,1,1,1,1
61452,Littleton,17169,14,222,1,1,1,1
61484,Vermont,17169,14,832,2,2,3,4
62311,Augusta,17169,14,633,2,2,3,4
62319,Camden,17169,14,261,1,1,1,1
62344,Huntsville,17169,14,14,1,1,1,1
62346,La Prairie,17169,14,391,1,1,1,1
62353,Mount Sterling,17169,14,5346,12,12,18,27
62367,Plymouth,17169,14,1033,3,3,4,6
62624,Browning,17169,14,463,1,1,1,1
62639,Frederick,17169,14,291,1,1,1,1
62681,Rushville,17169,14,5552,12,12,18,27
62082,Roodhouse,17171,7,2746,4,4,6,9
62621,Bluffs,17171,7,1195,2,2,3,4
62628,Chapin,17171,7,766,2,2,3,4
62650,Jacksonville,17171,7,26749,38,38,57,85
62665,Meredosia,17171,7,1359,2,2,3,4
62668,Murrayville,17171,7,1251,2,2,3,4
62694,Winchester,17171,7,3038,5,5,7,10
61914,Bethany,17173,7,1833,1,1,1,1
61928,Gays,17173,7,665,1,1,1,1
61957,Windsor,17173,7,1912,1,1,1,1
62401,Effingham,17173,7,18722,7,7,10,15
62414,Beecher City,17173,7,1993,1,1,1,1
62422,Cowden,17173,7,660,1,1,1,1
62431,Herrick,17173,7,1054,1,1,1,1
62438,Lakewood,17173,7,300,1,1,1,1
62444,Mode,17173,7,1678,1,1,1,1
62447,Neoga,17173,7,3615,2,2,3,4
62461,Shumway,17173,7,672,1,1,1,1
62462,Sigel,17173,7,982,1,1,1,1
62463,Stewardson,17173,7,1242,1,1,1,1
62465,Strasburg,17173,7,964,1,1,1,1
62510,Assumption,17173,7,1538,1,1,1,1
62534,Findlay,17173,7,1389,1,1,1,1
62550,Moweaqua,17173,7,2778,1,1,1,1
62553,Oconee,17173,7,515,1,1,1,1
62557,Pana,17173,7,7118,3,3,4,6
62565,Shelbyville,17173,7,7024,3,3,4,6
62571,Tower Hill,17173,7,1659,1,1,1,1
61345,Neponset,17175,7,835,2,2,3,4
61421,Bradford,17175,7,1300,2,2,3,4
61434,Galva,17175,7,3012,4,4,6,9
61443,Kewanee,17175,7,13663,18,18,27,40
61449,La Fayette,17175,7,3837,6,6,9,13
61451,Laura,17175,7,1787,3,3,4,6
61479,Speer,17175,7,65,1,1,1,1
61483,Toulon,17175,7,2090,3,3,4,6
61491,Wyoming,17175,7,1927,3,3,4,6
61559,Princeville,17175,7,3263,5,5,7,10
61007,Baileyville,17177,21,507,1,1,1,1
61018,Dakota,17177,21,4962,3,3,4,6
61032,Freeport,17177,21,29896,15,15,22,33
61039,German Valley,17177,21,1012,1,1,1,1
61044,Kent,17177,21,277,1,1,1,1
61048,Lena,17177,21,3876,2,2,3,4
61050,Mc Connell,17177,21,445,1,1,1,1
61060,Orangeville,17177,21,1425,1,1,1,1
61062,Pearl City,17177,21,1803,1,1,1,1
61067,Ridott,17177,21,752,1,1,1,1
61070,Rock City,17177,21,1503,1,1,1,1
61078,Shannon,17177,21,1253,1,1,1,1
61087,Warren,17177,21,1493,1,1,1,1
61089,Winslow,17177,21,6052,3,3,4,6
61534,Green Valley,17179,49,1806,1,1,1,1
61535,Groveland,17179,49,1697,1,1,1,1
61546,Manito,17179,49,3767,2,2,3,4
61550,Morton,17179,49,17787,7,7,10,15
61554,Pekin,17179,49,42059,16,16,24,36
61558,Pekin,17179,49,42059,16,16,24,36
61568,Tremont,17179,49,4223,2,2,3,4
61571,Washington,17179,49,24974,10,10,15,22
61610,Creve Coeur,17179,49,5493,3,3,4,6
61721,Armington,17179,49,592,1,1,1,1
61732,Danvers,17179,49,2057,1,1,1,1
61734,Delavan,17179,49,2765,2,2,3,4
61747,Hopedale,17179,49,1479,1,1,1,1
61755,Mackinaw,17179,49,4738,2,2,3,4
61759,Minier,17179,49,1529,1,1,1,1
62635,Emden,17179,49,705,1,1,1,1
62682,San Jose,17179,49,5552,3,3,4,6
62905,Alto Pass,17181,14,505,1,1,1,1
62906,Anna,17181,14,6585,6,6,9,13
62912,Buncombe,17181,14,1338,2,2,3,4
62920,Cobden,17181,14,3354,3,3,4,6
62923,Cypress,17181,14,2532,3,3,4,6
62926,Dongola,17181,14,2402,3,3,4,6
62952,Jonesboro,17181,14,3141,3,3,4,6
62957,Mc Clure,17181,14,931,1,1,1,1
62998,Wolf Lake,17181,14,598,1,1,1,1
60942,Hoopeston,17183,28,5871,3,3,4,6
60960,Rankin,17183,28,1092,1,1,1,1
60963,Rossville,17183,28,1895,1,1,1,1
61810,Allerton,17183,28,346,1,1,1,1
61811,Alvin,17183,28,678,1,1,1,1
61812,Armstrong,17183,28,678,1,1,1,1
61814,Bismarck,17183,28,1074,1,1,1,1
61817,Catlin,17183,28,2516,1,1,1,1
61831,Collison,17183,28,134,1,1,1,1
61832,Danville,17183,28,34918,13,13,19,28
61833,Tilton,17183,28,2199,1,1,1,1
61834,Danville,17183,28,8778,4,4,6,9
61841,Fairmount,17183,28,1341,1,1,1,1
61844,Fithian,17183,28,715,1,1,1,1
61846,Georgetown,17183,28,4918,2,2,3,4
61849,Homer,17183,28,1999,1,1,1,1
61850,Indianola,17183,28,418,1,1,1,1
61858,Oakwood,17183,28,3017,2,2,3,4
61859,Ogden,17183,28,1226,1,1,1,1
61862,Penfield,17183,28,533,1,1,1,1
61865,Potomac,17183,28,1560,1,1,1,1
61870,Ridge Farm,17183,28,1320,1,1,1,1
61876,Sidell,17183,28,818,1,1,1,1
61883,Westville,17183,28,4284,2,2,3,4
62410,Allendale,17185,21,1249,3,3,4,6
62460,Saint Francisville,17185,21,1154,3,3,4,6
62476,West Salem,17185,21,1590,3,3,4,6
62818,Browns,17185,21,263,1,1,1,1
62863,Mount Carmel,17185,21,9824,18,18,27,40
61401,Galesburg,17187,28,33685,56,56,84,126
61410,Abingdon,17187,28,3892,7,7,10,15
61412,Alexis,17187,28,1467,3,3,4,6
61415,Avon,17187,28,1889,4,4,6,9
61417,Berwick,17187,28,286,1,1,1,1
61423,Cameron,17187,28,3164,6,6,9,13
61435,Gerlaw,17187,28,29,1,1,1,1
61447,Kirkwood,17187,28,1025,2,2,3,4
61453,Little York,17187,28,578,1,1,1,1
61462,Monmouth,17187,28,11521,20,20,30,45
61473,Roseville,17187,28,1509,3,3,4,6
61474,Saint Augustine,17187,28,292,1,1,1,1
61475,Sciota,17187,28,292,1,1,1,1
61478,Smithshire,17187,28,319,1,1,1,1
62214,Addieville,17189,14,1242,2,2,3,4
62237,Coulterville,17189,14,2435,3,3,4,6
62257,Marissa,17189,14,2678,3,3,4,6
62263,Nashville,17189,14,5034,6,6,9,13
62268,Oakdale,17189,14,87,1,1,1,1
62271,Okawville,17189,14,2153,3,3,4,6
62801,Centralia,17189,14,21444,22,22,33,49
62803,Hoyleton,17189,14,1078,2,2,3,4
62808,Ashley,17189,14,1438,2,2,3,4
62831,Du Bois,17189,14,412,1,1,1,1
62877,Richview,17189,14,159,1,1,1,1
62446,Mount Erie,17191,7,342,1,1,1,1
62450,Olney,17191,7,12230,6,6,9,13
62809,Barnhill,17191,7,144,1,1,1,1
62810,Belle Rive,17191,7,834,1,1,1,1
62814,Bluford,17191,7,1945,1,1,1,1
62823,Cisne,17191,7,1700,1,1,1,1
62824,Clay City,17191,7,1711,1,1,1,1
62833,Ellery,17191,7,371,1,1,1,1
62837,Fairfield,17191,7,8960,4,4,6,9
62842,Geff,17191,7,721,1,1,1,1
62843,Golden Gate,17191,7,721,1,1,1,1
62850,Johnsonville,17191,7,2100,1,1,1,1
62851,Keenes,17191,7,162,1,1,1,1
62868,Noble,17191,7,1735,1,1,1,1
62878,Rinard,17191,7,443,1,1,1,1
62886,Sims,17191,7,280,1,1,1,1
62895,Wayne City,17191,7,2028,1,1,1,1
62899,Xenia,17191,7,1900,1,1,1,1
62820,Burnt Prairie,17193,14,408,1,1,1,1
62821,Carmi,17193,14,7175,8,8,12,18
62827,Crossville,17193,14,1175,2,2,3,4
62835,Enfield,17193,14,371,1,1,1,1
62844,Grayville,17193,14,2186,3,3,4,6
62862,Mill Shoals,17193,14,165,1,1,1,1
62867,New Haven,17193,14,506,1,1,1,1
62869,Norris City,17193,14,2690,3,3,4,6
62887,Springerton,17193,14,280,1,1,1,1
61014,Chadwick,17195,28,1289,1,1,1,1
61064,Polo,17195,28,3640,2,2,3,4
61071,Rock Falls,17195,28,13997,8,8,12,18
61081,Sterling,17195,28,21129,11,11,16,24
61230,Albany,17195,28,1121,1,1,1,1
61243,Deer Grove,17195,28,1208,1,1,1,1
61250,Erie,17195,28,2502,2,2,3,4
61251,Fenton,17195,28,2502,2,2,3,4
61252,Fulton,17195,28,5341,3,3,4,6
61261,Lyndon,17195,28,1062,1,1,1,1
61270,Morrison,17195,28,7007,4,4,6,9
61277,Prophetstown,17195,28,3245,2,2,3,4
61283,Tampico,17195,28,1742,1,1,1,1
60401,Beecher,17197,861,7779,6,6,9,13
60403,Crest Hill,17197,861,18254,14,14,21,31
60404,Shorewood,17197,861,18796,14,14,21,31
60407,Braceville,17197,861,1696,1,1,1,1
60408,Braidwood,17197,861,5649,4,4,6,9
60410,Channahon,17197,861,12791,10,10,15,22
60416,Coal City,17197,861,9164,7,7,10,15
60417,Crete,17197,861,15225,11,11,16,24
60418,Crestwood,17197,861,15225,11,11,16,24
60421,Elwood,17197,861,3843,3,3,4,6
60423,Frankfort,17197,861,30938,23,23,34,51
60431,Joliet,17197,861,23219,17,17,25,37
60432,Joliet,17197,861,20222,15,15,22,33
60433,Joliet,17197,861,16629,12,12,18,27
60435,Joliet,17197,861,49863,37,37,55,82
60436,Joliet,17197,861,18945,14,14,21,31
60439,Lemont,17197,861,23422,18,18,27,40
60440,Bolingbrook,17197,861,52246,39,39,58,87
60441,Lockport,17197,861,35415,27,27,40,60
60442,Manhattan,17197,861,10531,8,8,12,18
60446,Romeoville,17197,861,40085,30,30,45,67
60447,Minooka,17197,861,14220,11,11,16,24
60448,Mokena,17197,861,26710,20,20,30,45
60449,Monee,17197,861,9400,7,7,10,15
60451,New Lenox,17197,861,34945,26,26,39,58
60466,Park Forest,17197,861,21989,17,17,25,37
60467,Orland Park,17197,861,26628,20,20,30,45
60468,Peotone,17197,861,6044,5,5,7,10
60471,Richton Park,17197,861,14055,11,11,16,24
60475,Steger,17197,861,9674,7,7,10,15
60477,Tinley Park,17197,861,37919,29,29,43,64
60481,Wilmington,17197,861,11540,9,9,13,19
60484,University Park,17197,861,6580,5,5,7,10
60487,Tinley Park,17197,861,26588,20,20,30,45
60490,Bolingbrook,17197,861,22202,17,17,25,37
60491,Homer Glen,17197,861,22961,17,17,25,37
60503,Aurora,17197,861,16973,13,13,19,28
60543,Oswego,17197,861,40027,30,30,45,67
60544,Plainfield,17197,861,26498,20,20,30,45
60564,Naperville,17197,861,42513,32,32,48,72
60565,Naperville,17197,861,40773,31,31,46,69
60568,Aurora,17197,861,40773,31,31,46,69
60569,Aurora,17197,861,40773,31,31,46,69
60572,Aurora,17197,861,40773,31,31,46,69
60585,Plainfield,17197,861,24368,18,18,27,40
60586,Plainfield,17197,861,47692,36,36,54,81
60599,Fox Valley,17197,861,47692,36,36,54,81
60940,Grant Park,17197,861,3433,3,3,4,6
60950,Manteno,17197,861,11803,9,9,13,19
62890,Thompsonville,17199,28,2789,2,2,3,4
62896,West Frankfort,17199,28,12167,6,6,9,13
62901,Carbondale,17199,28,26217,12,12,18,27
62902,Carbondale,17199,28,4568,2,2,3,4
62917,Carrier Mills,17199,28,2275,1,1,1,1
62918,Carterville,17199,28,10155,5,5,7,10
62922,Creal Springs,17199,28,2532,2,2,3,4
62924,De Soto,17199,28,2948,2,2,3,4
62933,Energy,17199,28,1385,1,1,1,1
62939,Goreville,17199,28,3111,2,2,3,4
62948,Herrin,17199,28,13183,6,6,9,13
62951,Johnston City,17199,28,4535,2,2,3,4
62958,Makanda,17199,28,2146,1,1,1,1
62959,Marion,17199,28,28201,12,12,18,27
62974,Pittsburg,17199,28,1626,1,1,1,1
62987,Stonefort,17199,28,1424,1,1,1,1
60146,Kirkland,17201,133,2655,1,1,1,1
61008,Belvidere,17201,133,34292,13,13,19,28
61011,Caledonia,17201,133,2326,1,1,1,1
61016,Cherry Valley,17201,133,4962,2,2,3,4
61019,Davis,17201,133,3244,1,1,1,1
61020,Davis Junction,17201,133,3131,1,1,1,1
61024,Durand,17201,133,2534,1,1,1,1
61047,Leaf River,17201,133,1839,1,1,1,1
61063,Pecatonica,17201,133,4260,2,2,3,4
61072,Rockton,17201,133,11565,5,5,7,10
61073,Roscoe,17201,133,19165,8,8,12,18
61080,South Beloit,17201,133,10440,4,4,6,9
61084,Stillman Valley,17201,133,3085,1,1,1,1
61088,Winnebago,17201,133,6052,2,2,3,4
61101,Rockford,17201,133,19546,8,8,12,18
61102,Rockford,17201,133,17760,7,7,10,15
61103,Rockford,17201,133,23964,9,9,13,19
61104,Rockford,17201,133,19454,8,8,12,18
61107,Rockford,17201,133,30905,12,12,18,27
61108,Rockford,17201,133,27819,11,11,16,24
61109,Rockford,17201,133,27224,11,11,16,24
61111,Loves Park,17201,133,23837,9,9,13,19
61112,Rockford,17201,133,66,0,0,0,0
61114,Rockford,17201,133,15591,6,6,9,13
61115,Machesney Park,17201,133,22574,9,9,13,19
61516,Benson,17203,21,676,1,1,1,1
61530,Eureka,17203,21,7245,4,4,6,9
61545,Lowpoint,17203,21,700,1,1,1,1
61548,Metamora,17203,21,11950,7,7,10,15
61561,Roanoke,17203,21,2469,2,2,3,4
61570,Washburn,17203,21,1787,1,1,1,1
61611,East Peoria,17203,21,24877,14,14,21,31
61613,Peoria,17203,21,24877,14,14,21,31
61725,Carlock,17203,21,1703,1,1,1,1
61729,Congerville,17203,21,1201,1,1,1,1
61733,Deer Creek,17203,21,831,1,1,1,1
61738,El Paso,17203,21,4395,3,3,4,6
61742,Goodfield,17203,21,1250,1,1,1,1
61744,Gridley,17203,21,1865,2,2,3,4
61748,Hudson,17203,21,2720,2,2,3,4
61760,Minonk,17203,21,2519,2,2,3,4
61771,Secor,17203,21,1138,1,1,1,1